Date,Monthly Mean Total Sunspot Number,Monthly Mean Standard Deviation,Number of Observations,Definitive/Provisional Indicator
2018-05-31,13.2,1.6,1035.0,0.0
2018-04-30,8.9,1.3,836.0,0.0
2018-03-31,2.5,0.5,916.0,0.0
2018-02-28,10.6,1.1,810.0,0.0
2018-01-31,6.7,1.1,562.0,0.0
2017-12-31,8.2,1.2,714.0,1.0
2017-11-30,5.7,0.5,997.0,1.0
2017-10-31,13.2,1.0,1125.0,1.0
2017-09-30,43.7,4.1,973.0,1.0
2017-08-31,32.6,2.9,1002.0,1.0
2017-07-31,17.8,2.6,1093.0,1.0
2017-06-30,19.2,1.4,1136.0,1.0
2017-05-31,18.9,1.8,1101.0,1.0
2017-04-30,32.3,3.7,920.0,1.0
2017-03-31,17.7,2.6,1011.0,1.0
2017-02-28,26.4,3.7,542.0,1.0
2017-01-31,26.1,2.5,830.0,1.0
2016-12-31,18.5,2.4,623.0,1.0
2016-11-30,21.4,2.6,689.0,1.0
2016-10-31,33.4,3.1,782.0,1.0
2016-09-30,44.6,3.8,900.0,1.0
2016-08-31,50.2,4.5,1067.0,1.0
2016-07-31,32.4,3.8,1025.0,1.0
2016-06-30,20.5,2.0,942.0,1.0
2016-05-31,51.5,4.7,878.0,1.0
2016-04-30,37.9,3.5,865.0,1.0
2016-03-31,54.1,4.9,873.0,1.0
2016-02-29,56.4,5.1,662.0,1.0
2016-01-31,57.0,4.7,634.0,1.0
2015-12-31,58.0,5.4,704.0,1.0
2015-11-30,62.2,5.2,622.0,1.0
2015-10-31,63.6,5.4,662.0,1.0
2015-09-30,78.6,6.4,862.0,1.0
2015-08-31,64.4,5.2,892.0,1.0
2015-07-31,65.8,5.7,977.0,1.0
2015-06-30,66.5,6.3,826.0,1.0
2015-05-31,88.8,8.6,895.0,1.0
2015-04-30,75.3,8.2,847.0,1.0
2015-03-31,54.5,4.8,628.0,1.0
2015-02-28,66.7,5.3,442.0,1.0
2015-01-31,93.0,7.5,546.0,1.0
2014-12-31,112.9,7.4,331.0,1.0
2014-11-30,103.6,8.5,397.0,1.0
2014-10-31,90.0,6.9,440.0,1.0
2014-09-30,130.0,8.7,419.0,1.0
2014-08-31,106.9,7.6,486.0,1.0
2014-07-31,100.2,7.4,477.0,1.0
2014-06-30,102.9,7.7,469.0,1.0
2014-05-31,112.5,7.5,493.0,1.0
2014-04-30,112.5,6.9,486.0,1.0
2014-03-31,128.7,8.6,493.0,1.0
2014-02-28,146.1,10.7,384.0,1.0
2014-01-31,117.0,8.2,398.0,1.0
2013-12-31,124.2,9.1,402.0,1.0
2013-11-30,113.9,8.2,321.0,1.0
2013-10-31,114.4,8.2,421.0,1.0
2013-09-30,54.5,5.3,446.0,1.0
2013-08-31,91.8,6.6,563.0,1.0
2013-07-31,86.2,6.7,575.0,1.0
2013-06-30,76.7,5.2,469.0,1.0
2013-05-31,120.2,8.2,487.0,1.0
2013-04-30,107.3,6.8,509.0,1.0
2013-03-31,78.3,6.1,429.0,1.0
2013-02-28,60.9,4.4,363.0,1.0
2013-01-31,96.1,6.3,362.0,1.0
2012-12-31,56.8,5.1,360.0,1.0
2012-11-30,87.6,6.5,382.0,1.0
2012-10-31,76.5,5.1,493.0,1.0
2012-09-30,93.7,8.1,511.0,1.0
2012-08-31,94.8,6.5,612.0,1.0
2012-07-31,100.1,7.3,601.0,1.0
2012-06-30,92.0,6.5,498.0,1.0
2012-05-31,96.5,7.2,543.0,1.0
2012-04-30,85.9,6.9,479.0,1.0
2012-03-31,86.6,7.3,500.0,1.0
2012-02-29,47.8,4.4,388.0,1.0
2012-01-31,94.4,7.1,386.0,1.0
2011-12-31,109.3,8.4,361.0,1.0
2011-11-30,139.1,9.9,434.0,1.0
2011-10-31,125.7,9.0,503.0,1.0
2011-09-30,120.1,8.8,535.0,1.0
2011-08-31,65.8,5.6,605.0,1.0
2011-07-31,64.5,4.8,549.0,1.0
2011-06-30,56.1,5.0,544.0,1.0
2011-05-31,58.2,5.0,607.0,1.0
2011-04-30,76.1,6.2,557.0,1.0
2011-03-31,78.6,6.9,566.0,1.0
2011-02-28,48.3,5.1,399.0,1.0
2011-01-31,27.3,3.1,417.0,1.0
2010-12-31,24.5,3.6,393.0,1.0
2010-11-30,34.4,3.7,404.0,1.0
2010-10-31,33.6,3.9,501.0,1.0
2010-09-30,36.4,4.0,505.0,1.0
2010-08-31,29.6,3.4,689.0,1.0
2010-07-31,25.2,3.4,718.0,1.0
2010-06-30,18.8,3.0,600.0,1.0
2010-05-31,13.9,3.4,573.0,1.0
2010-04-30,10.4,3.3,592.0,1.0
2010-03-31,24.0,3.6,564.0,1.0
2010-02-28,28.5,2.7,376.0,1.0
2010-01-31,19.5,2.5,413.0,1.0
2009-12-31,16.3,3.5,415.0,1.0
2009-11-30,6.9,3.2,452.0,1.0
2009-10-31,7.7,2.7,564.0,1.0
2009-09-30,7.1,2.2,628.0,1.0
2009-08-31,0.0,2.0,691.0,1.0
2009-07-31,5.5,2.6,671.0,1.0
2009-06-30,6.3,2.7,623.0,1.0
2009-05-31,2.9,2.4,610.0,1.0
2009-04-30,1.2,2.2,586.0,1.0
2009-03-31,0.6,2.0,523.0,1.0
2009-02-28,1.2,2.2,385.0,1.0
2009-01-31,1.3,2.0,317.0,1.0
2008-12-31,1.0,2.0,480.0,1.0
2008-11-30,6.6,2.4,445.0,1.0
2008-10-31,4.2,2.9,571.0,1.0
2008-09-30,1.2,2.4,605.0,1.0
2008-08-31,0.3,2.0,525.0,1.0
2008-07-31,0.6,2.0,664.0,1.0
2008-06-30,5.2,2.3,637.0,1.0
2008-05-31,4.6,3.2,637.0,1.0
2008-04-30,3.6,2.3,562.0,1.0
2008-03-31,15.5,2.7,548.0,1.0
2008-02-29,2.9,2.4,490.0,1.0
2008-01-31,4.1,2.8,480.0,1.0
2007-12-31,17.3,3.1,468.0,1.0
2007-11-30,2.8,2.5,437.0,1.0
2007-10-31,1.5,2.4,547.0,1.0
2007-09-30,4.0,2.1,637.0,1.0
2007-08-31,9.8,2.2,669.0,1.0
2007-07-31,15.1,1.9,703.0,1.0
2007-06-30,21.3,3.4,607.0,1.0
2007-05-31,19.5,3.3,615.0,1.0
2007-04-30,5.4,2.4,650.0,1.0
2007-03-31,7.2,2.8,611.0,1.0
2007-02-28,18.4,2.7,423.0,1.0
2007-01-31,29.3,2.8,474.0,1.0
2006-12-31,22.3,3.5,415.0,1.0
2006-11-30,35.7,3.5,444.0,1.0
2006-10-31,14.9,2.4,537.0,1.0
2006-09-30,23.7,3.0,567.0,1.0
2006-08-31,20.8,2.5,650.0,1.0
2006-07-31,22.2,2.4,628.0,1.0
2006-06-30,24.5,3.3,566.0,1.0
2006-05-31,37.2,3.9,566.0,1.0
2006-04-30,50.3,5.1,550.0,1.0
2006-03-31,17.3,4.2,502.0,1.0
2006-02-28,5.7,3.7,434.0,1.0
2006-01-31,20.9,3.4,511.0,1.0
2005-12-31,59.3,3.9,419.0,1.0
2005-11-30,27.5,4.1,499.0,1.0
2005-10-31,13.2,3.4,534.0,1.0
2005-09-30,37.2,4.5,691.0,1.0
2005-08-31,60.5,5.3,706.0,1.0
2005-07-31,62.4,6.1,678.0,1.0
2005-06-30,56.8,5.3,675.0,1.0
2005-05-31,61.9,5.7,641.0,1.0
2005-04-30,38.7,3.8,598.0,1.0
2005-03-31,39.6,3.8,607.0,1.0
2005-02-28,43.5,4.3,500.0,1.0
2005-01-31,48.1,4.6,536.0,1.0
2004-12-31,28.9,3.4,442.0,1.0
2004-11-30,70.1,5.4,477.0,1.0
2004-10-31,74.2,5.5,539.0,1.0
2004-09-30,48.8,5.3,604.0,1.0
2004-08-31,69.7,5.5,686.0,1.0
2004-07-31,83.8,8.8,709.0,1.0
2004-06-30,66.5,6.8,646.0,1.0
2004-05-31,72.8,5.7,614.0,1.0
2004-04-30,59.2,5.1,601.0,1.0
2004-03-31,74.8,5.1,594.0,1.0
2004-02-29,74.6,6.0,479.0,1.0
2004-01-31,60.6,5.2,491.0,1.0
2003-12-31,72.2,5.3,441.0,1.0
2003-11-30,82.9,6.3,443.0,1.0
2003-10-31,97.8,8.8,570.0,1.0
2003-09-30,78.5,5.8,685.0,1.0
2003-08-31,115.4,7.3,721.0,1.0
2003-07-31,128.3,7.9,677.0,1.0
2003-06-30,118.7,7.9,672.0,1.0
2003-05-31,86.8,6.6,606.0,1.0
2003-04-30,97.9,6.4,619.0,1.0
2003-03-31,100.7,7.5,633.0,1.0
2003-02-28,75.7,5.7,538.0,1.0
2003-01-31,133.5,7.4,482.0,1.0
2002-12-31,135.3,10.0,408.0,1.0
2002-11-30,147.2,8.2,470.0,1.0
2002-10-31,151.2,8.0,543.0,1.0
2002-09-30,187.9,10.1,554.0,1.0
2002-08-31,175.6,9.8,663.0,1.0
2002-07-31,161.0,11.0,628.0,1.0
2002-06-30,128.8,7.7,569.0,1.0
2002-05-31,187.5,9.7,595.0,1.0
2002-04-30,186.9,9.8,603.0,1.0
2002-03-31,147.1,9.1,580.0,1.0
2002-02-28,170.2,11.3,475.0,1.0
2002-01-31,184.6,11.7,500.0,1.0
2001-12-31,213.4,12.5,487.0,1.0
2001-11-30,176.6,13.3,509.0,1.0
2001-10-31,194.1,11.3,628.0,1.0
2001-09-30,238.2,12.1,518.0,1.0
2001-08-31,161.5,9.3,654.0,1.0
2001-07-31,123.0,8.4,645.0,1.0
2001-06-30,202.9,10.8,586.0,1.0
2001-05-31,142.1,8.3,578.0,1.0
2001-04-30,161.7,9.4,578.0,1.0
2001-03-31,165.8,11.9,485.0,1.0
2001-02-28,121.5,8.1,453.0,1.0
2001-01-31,142.6,9.2,437.0,1.0
2000-12-31,143.3,8.7,391.0,1.0
2000-11-30,158.1,8.9,380.0,1.0
2000-10-31,141.6,8.0,483.0,1.0
2000-09-30,156.0,11.2,558.0,1.0
2000-08-31,180.5,9.4,626.0,1.0
2000-07-31,244.3,12.0,507.0,1.0
2000-06-30,188.0,8.8,532.0,1.0
2000-05-31,165.9,10.1,551.0,1.0
2000-04-30,191.5,10.2,529.0,1.0
2000-03-31,217.7,11.9,456.0,1.0
2000-02-29,165.7,10.4,490.0,1.0
2000-01-31,133.1,10.4,450.0,1.0
1999-12-31,116.8,9.3,404.0,1.0
1999-11-30,188.3,12.3,406.0,1.0
1999-10-31,168.7,10.4,531.0,1.0
1999-09-30,106.3,6.5,624.0,1.0
1999-08-31,142.3,12.9,649.0,1.0
1999-07-31,173.5,9.3,594.0,1.0
1999-06-30,207.2,10.5,567.0,1.0
1999-05-31,149.6,8.5,630.0,1.0
1999-04-30,93.6,7.5,569.0,1.0
1999-03-31,103.5,6.8,518.0,1.0
1999-02-28,98.0,7.6,446.0,1.0
1999-01-31,86.0,7.6,475.0,1.0
1998-12-31,119.2,9.4,435.0,1.0
1998-11-30,97.3,6.8,472.0,1.0
1998-10-31,78.5,6.6,432.0,1.0
1998-09-30,132.0,8.6,502.0,1.0
1998-08-31,121.1,7.4,586.0,1.0
1998-07-31,96.7,6.3,597.0,1.0
1998-06-30,90.5,6.0,521.0,1.0
1998-05-31,74.0,4.8,620.0,1.0
1998-04-30,70.6,7.2,537.0,1.0
1998-03-31,82.0,5.9,571.0,1.0
1998-02-28,50.2,4.6,559.0,1.0
1998-01-31,44.5,4.6,521.0,1.0
1997-12-31,55.5,4.6,418.0,1.0
1997-11-30,50.4,4.7,465.0,1.0
1997-10-31,32.8,3.6,623.0,1.0
1997-09-30,59.7,4.8,661.0,1.0
1997-08-31,35.7,3.8,723.0,1.0
1997-07-31,12.9,4.2,700.0,1.0
1997-06-30,20.8,2.5,656.0,1.0
1997-05-31,25.4,2.8,716.0,1.0
1997-04-30,23.0,3.3,663.0,1.0
1997-03-31,12.1,2.4,627.0,1.0
1997-02-28,11.0,2.9,545.0,1.0
1997-01-31,7.4,3.2,497.0,1.0
1996-12-31,14.0,2.9,543.0,1.0
1996-11-30,24.9,4.4,536.0,1.0
1996-10-31,0.7,2.1,630.0,1.0
1996-09-30,3.0,2.5,656.0,1.0
1996-08-31,19.7,3.5,759.0,1.0
1996-07-31,11.8,2.6,766.0,1.0
1996-06-30,16.5,2.9,682.0,1.0
1996-05-31,7.6,3.1,676.0,1.0
1996-04-30,6.8,2.5,678.0,1.0
1996-03-31,12.6,3.1,621.0,1.0
1996-02-29,7.7,3.4,532.0,1.0
1996-01-31,13.3,3.4,535.0,1.0
1995-12-31,14.9,3.6,515.0,1.0
1995-11-30,14.0,3.7,594.0,1.0
1995-10-31,30.6,3.7,734.0,1.0
1995-09-30,15.7,3.0,708.0,1.0
1995-08-31,18.2,3.6,854.0,1.0
1995-07-31,20.4,3.1,842.0,1.0
1995-06-30,22.5,3.8,747.0,1.0
1995-05-31,19.4,2.8,781.0,1.0
1995-04-30,21.6,3.6,698.0,1.0
1995-03-31,46.3,3.8,706.0,1.0
1995-02-28,45.8,3.9,620.0,1.0
1995-01-31,32.6,5.3,630.0,1.0
1994-12-31,32.2,3.5,610.0,1.0
1994-11-30,29.5,4.7,591.0,1.0
1994-10-31,67.1,4.2,657.0,1.0
1994-09-30,40.5,4.1,735.0,1.0
1994-08-31,34.3,3.2,876.0,1.0
1994-07-31,50.6,4.3,865.0,1.0
1994-06-30,39.7,5.0,789.0,1.0
1994-05-31,29.8,4.1,789.0,1.0
1994-04-30,27.4,3.9,763.0,1.0
1994-03-31,47.5,4.1,728.0,1.0
1994-02-28,54.9,4.8,539.0,1.0
1994-01-31,84.9,6.6,582.0,1.0
1993-12-31,68.4,5.9,562.0,1.0
1993-11-30,48.2,4.4,551.0,1.0
1993-10-31,71.1,5.5,630.0,1.0
1993-09-30,31.2,4.5,709.0,1.0
1993-08-31,62.5,5.0,809.0,1.0
1993-07-31,80.4,5.4,699.0,1.0
1993-06-30,69.6,5.4,706.0,1.0
1993-05-31,78.8,5.7,752.0,1.0
1993-04-30,94.4,6.7,719.0,1.0
1993-03-31,102.4,6.6,739.0,1.0
1993-02-28,127.8,8.3,551.0,1.0
1993-01-31,81.4,5.9,583.0,1.0
1992-12-31,122.0,8.4,539.0,1.0
1992-11-30,129.6,8.2,559.0,1.0
1992-10-31,133.4,8.2,623.0,1.0
1992-09-30,94.0,5.5,764.0,1.0
1992-08-31,91.9,6.7,794.0,1.0
1992-07-31,114.2,7.7,761.0,1.0
1992-06-30,98.5,6.6,706.0,1.0
1992-05-31,94.3,7.7,746.0,1.0
1992-04-30,142.2,9.5,660.0,1.0
1992-03-31,151.0,9.2,537.0,1.0
1992-02-29,230.7,14.5,590.0,1.0
1992-01-31,198.3,12.9,566.0,1.0
1991-12-31,212.6,14.1,506.0,1.0
1991-11-30,159.5,10.1,487.0,1.0
1991-10-31,197.1,13.2,524.0,1.0
1991-09-30,168.9,11.3,621.0,1.0
1991-08-31,240.8,14.3,707.0,1.0
1991-07-31,240.2,13.7,661.0,1.0
1991-06-30,224.7,12.9,620.0,1.0
1991-05-31,166.9,9.9,625.0,1.0
1991-04-30,197.6,11.9,590.0,1.0
1991-03-31,197.0,11.8,546.0,1.0
1991-02-28,240.3,13.9,493.0,1.0
1991-01-31,195.3,14.5,552.0,1.0
1990-12-31,197.1,12.6,479.0,1.0
1990-11-30,178.8,12.3,536.0,1.0
1990-10-31,199.4,12.6,605.0,1.0
1990-09-30,169.1,9.2,622.0,1.0
1990-08-31,252.1,12.8,714.0,1.0
1990-07-31,191.1,9.8,661.0,1.0
1990-06-30,153.3,9.1,599.0,1.0
1990-05-31,175.2,10.0,691.0,1.0
1990-04-30,189.7,10.1,575.0,1.0
1990-03-31,191.7,11.0,592.0,1.0
1990-02-28,171.8,11.3,518.0,1.0
1990-01-31,227.4,13.6,516.0,1.0
1989-12-31,211.4,13.5,504.0,1.0
1989-11-30,238.2,15.2,550.0,1.0
1989-10-31,212.2,11.2,562.0,1.0
1989-09-30,225.1,14.9,585.0,1.0
1989-08-31,232.0,13.5,639.0,1.0
1989-07-31,180.5,10.2,673.0,1.0
1989-06-30,284.5,15.5,619.0,1.0
1989-05-31,195.4,10.6,668.0,1.0
1989-04-30,166.3,9.7,534.0,1.0
1989-03-31,170.4,10.2,573.0,1.0
1989-02-28,208.7,12.7,489.0,1.0
1989-01-31,210.1,15.0,536.0,1.0
1988-12-31,231.2,13.5,490.0,1.0
1988-11-30,156.8,8.9,488.0,1.0
1988-10-31,156.5,9.7,530.0,1.0
1988-09-30,142.7,9.4,551.0,1.0
1988-08-31,139.4,9.0,649.0,1.0
1988-07-31,131.4,9.6,605.0,1.0
1988-06-30,124.3,8.3,574.0,1.0
1988-05-31,74.2,6.1,582.0,1.0
1988-04-30,108.8,6.7,562.0,1.0
1988-03-31,91.2,5.7,516.0,1.0
1988-02-29,45.4,4.6,525.0,1.0
1988-01-31,70.5,5.5,484.0,1.0
1987-12-31,29.1,3.2,455.0,1.0
1987-11-30,48.8,5.1,417.0,1.0
1987-10-31,63.4,4.8,501.0,1.0
1987-09-30,42.2,3.5,609.0,1.0
1987-08-31,47.9,3.3,619.0,1.0
1987-07-31,38.2,4.3,645.0,1.0
1987-06-30,18.8,3.5,586.0,1.0
1987-05-31,39.1,3.5,566.0,1.0
1987-04-30,46.0,4.4,581.0,1.0
1987-03-31,17.4,3.0,501.0,1.0
1987-02-28,3.4,2.6,429.0,1.0
1987-01-31,9.8,2.7,487.0,1.0
1986-12-31,5.8,2.8,544.0,1.0
1986-11-30,15.4,4.3,515.0,1.0
1986-10-31,40.1,4.4,507.0,1.0
1986-09-30,5.1,3.0,505.0,1.0
1986-08-31,9.9,2.3,567.0,1.0
1986-07-31,18.1,3.9,510.0,1.0
1986-06-30,0.6,2.1,494.0,1.0
1986-05-31,16.1,3.6,530.0,1.0
1986-04-30,22.4,4.1,449.0,1.0
1986-03-31,13.8,3.8,433.0,1.0
1986-02-28,27.9,3.6,420.0,1.0
1986-01-31,2.8,2.8,460.0,1.0
1985-12-31,15.8,4.6,422.0,1.0
1985-11-30,17.9,2.6,422.0,1.0
1985-10-31,22.0,4.2,486.0,1.0
1985-09-30,4.3,2.4,511.0,1.0
1985-08-31,10.1,3.5,546.0,1.0
1985-07-31,39.9,3.8,540.0,1.0
1985-06-30,28.3,3.9,465.0,1.0
1985-05-31,32.4,3.7,457.0,1.0
1985-04-30,20.4,3.7,468.0,1.0
1985-03-31,16.9,3.9,389.0,1.0
1985-02-28,20.7,3.8,412.0,1.0
1985-01-31,17.8,3.9,425.0,1.0
1984-12-31,21.4,3.9,397.0,1.0
1984-11-30,26.5,4.7,394.0,1.0
1984-10-31,12.6,3.8,428.0,1.0
1984-09-30,22.6,3.9,429.0,1.0
1984-08-31,35.0,3.4,509.0,1.0
1984-07-31,55.7,5.1,468.0,1.0
1984-06-30,65.1,5.4,438.0,1.0
1984-05-31,96.9,7.0,462.0,1.0
1984-04-30,90.4,7.6,407.0,1.0
1984-03-31,116.7,8.7,395.0,1.0
1984-02-29,110.2,8.1,377.0,1.0
1984-01-31,74.8,6.5,399.0,1.0
1983-12-31,45.6,5.5,405.0,1.0
1983-11-30,45.7,7.3,363.0,1.0
1983-10-31,72.5,7.0,431.0,1.0
1983-09-30,69.9,5.5,397.0,1.0
1983-08-31,96.0,8.4,429.0,1.0
1983-07-31,108.9,7.3,431.0,1.0
1983-06-30,131.5,8.2,361.0,1.0
1983-05-31,132.5,9.4,330.0,1.0
1983-04-30,109.6,9.7,282.0,1.0
1983-03-31,88.7,7.1,259.0,1.0
1983-02-28,73.1,6.3,261.0,1.0
1983-01-31,115.5,8.7,267.0,1.0
1982-12-31,169.0,15.4,262.0,1.0
1982-11-30,127.5,18.6,244.0,1.0
1982-10-31,134.3,10.4,308.0,1.0
1982-09-30,167.4,9.7,308.0,1.0
1982-08-31,161.9,11.8,301.0,1.0
1982-07-31,139.4,14.0,292.0,1.0
1982-06-30,163.7,11.2,313.0,1.0
1982-05-31,119.3,8.5,318.0,1.0
1982-04-30,170.3,8.3,284.0,1.0
1982-03-31,221.1,11.4,263.0,1.0
1982-02-28,230.9,13.6,256.0,1.0
1982-01-31,149.8,10.2,287.0,1.0
1981-12-31,195.4,11.9,266.0,1.0
1981-11-30,186.0,14.2,248.0,1.0
1981-10-31,216.2,12.1,243.0,1.0
1981-09-30,245.3,18.5,255.0,1.0
1981-08-31,242.5,13.9,276.0,1.0
1981-07-31,205.3,13.0,268.0,1.0
1981-06-30,131.6,9.5,227.0,1.0
1981-05-31,194.7,13.4,268.0,1.0
1981-04-30,225.3,14.9,254.0,1.0
1981-03-31,196.6,11.6,244.0,1.0
1981-02-28,189.9,12.4,229.0,1.0
1981-01-31,156.6,9.5,271.0,1.0
1980-12-31,246.9,10.5,31.0,1.0
1980-11-30,209.5,9.7,30.0,1.0
1980-10-31,233.3,10.2,31.0,1.0
1980-09-30,219.6,9.9,30.0,1.0
1980-08-31,191.7,9.3,31.0,1.0
1980-07-31,192.9,9.3,31.0,1.0
1980-06-30,222.7,10.0,30.0,1.0
1980-05-31,254.7,10.7,31.0,1.0
1980-04-30,232.2,10.2,30.0,1.0
1980-03-31,178.7,8.9,31.0,1.0
1980-02-29,219.4,9.9,29.0,1.0
1980-01-31,226.1,10.1,31.0,1.0
1979-12-31,249.6,10.6,31.0,1.0
1979-11-30,259.5,10.8,30.0,1.0
1979-10-31,263.6,10.9,31.0,1.0
1979-09-30,266.9,10.9,30.0,1.0
1979-08-31,201.4,9.5,31.0,1.0
1979-07-31,225.7,10.0,31.0,1.0
1979-06-30,211.7,9.7,30.0,1.0
1979-05-31,190.3,9.2,31.0,1.0
1979-04-30,143.7,8.0,30.0,1.0
1979-03-31,195.3,9.3,31.0,1.0
1979-02-28,194.7,9.3,28.0,1.0
1979-01-31,235.9,10.3,31.0,1.0
1978-12-31,173.9,8.8,31.0,1.0
1978-11-30,138.5,7.9,30.0,1.0
1978-10-31,177.1,8.9,31.0,1.0
1978-09-30,195.7,9.3,30.0,1.0
1978-08-31,82.4,6.0,31.0,1.0
1978-07-31,99.7,6.7,31.0,1.0
1978-06-30,134.6,7.8,30.0,1.0
1978-05-31,117.1,7.2,31.0,1.0
1978-04-30,141.2,7.9,30.0,1.0
1978-03-31,108.4,6.9,31.0,1.0
1978-02-28,132.6,7.7,28.0,1.0
1978-01-31,73.7,5.7,31.0,1.0
1977-12-31,61.4,5.2,31.0,1.0
1977-11-30,41.6,4.3,30.0,1.0
1977-10-31,62.1,5.3,31.0,1.0
1977-09-30,62.4,5.3,30.0,1.0
1977-08-31,43.0,4.4,31.0,1.0
1977-07-31,30.6,3.7,31.0,1.0
1977-06-30,54.9,5.0,30.0,1.0
1977-05-31,27.0,3.5,31.0,1.0
1977-04-30,19.0,3.0,30.0,1.0
1977-03-31,13.0,2.5,31.0,1.0
1977-02-28,33.3,3.9,28.0,1.0
1977-01-31,23.8,3.3,31.0,1.0
1976-12-31,22.3,3.2,31.0,1.0
1976-11-30,7.9,1.9,30.0,1.0
1976-10-31,29.7,3.7,31.0,1.0
1976-09-30,20.0,3.0,30.0,1.0
1976-08-31,24.1,3.3,31.0,1.0
1976-07-31,2.9,1.2,31.0,1.0
1976-06-30,17.9,2.9,30.0,1.0
1976-05-31,18.2,2.9,31.0,1.0
1976-04-30,27.3,3.5,30.0,1.0
1976-03-31,31.5,3.8,31.0,1.0
1976-02-29,6.4,1.7,29.0,1.0
1976-01-31,11.9,2.3,31.0,1.0
1975-12-31,11.6,2.3,31.0,1.0
1975-11-30,27.9,3.6,30.0,1.0
1975-10-31,13.6,2.5,31.0,1.0
1975-09-30,20.3,3.1,30.0,1.0
1975-08-31,56.7,5.0,31.0,1.0
1975-07-31,40.4,4.3,31.0,1.0
1975-06-30,16.7,2.8,30.0,1.0
1975-05-31,13.1,2.5,31.0,1.0
1975-04-30,7.7,1.9,30.0,1.0
1975-03-31,16.9,2.8,31.0,1.0
1975-02-28,16.7,2.8,28.0,1.0
1975-01-31,27.3,3.5,31.0,1.0
1974-12-31,29.6,3.7,31.0,1.0
1974-11-30,35.9,4.0,30.0,1.0
1974-10-31,67.2,5.5,31.0,1.0
1974-09-30,57.2,5.0,30.0,1.0
1974-08-31,47.9,4.6,31.0,1.0
1974-07-31,79.1,5.9,31.0,1.0
1974-06-30,51.5,4.8,30.0,1.0
1974-05-31,56.3,5.0,31.0,1.0
1974-04-30,57.5,5.1,30.0,1.0
1974-03-31,30.9,3.8,31.0,1.0
1974-02-28,37.3,4.1,28.0,1.0
1974-01-31,39.4,4.2,31.0,1.0
1973-12-31,33.3,3.9,31.0,1.0
1973-11-30,34.3,3.9,30.0,1.0
1973-10-31,43.7,4.4,31.0,1.0
1973-09-30,84.1,6.1,30.0,1.0
1973-08-31,36.6,4.1,31.0,1.0
1973-07-31,33.2,3.9,31.0,1.0
1973-06-30,56.1,5.0,30.0,1.0
1973-05-31,60.3,5.2,31.0,1.0
1973-04-30,81.8,6.0,30.0,1.0
1973-03-31,65.4,5.4,31.0,1.0
1973-02-28,60.9,5.2,28.0,1.0
1973-01-31,61.8,5.2,31.0,1.0
1972-12-31,64.3,5.4,31.0,1.0
1972-11-30,59.2,5.2,30.0,1.0
1972-10-31,86.9,6.2,31.0,1.0
1972-09-30,90.7,6.4,30.0,1.0
1972-08-31,108.9,7.0,31.0,1.0
1972-07-31,108.3,6.9,31.0,1.0
1972-06-30,124.7,7.4,30.0,1.0
1972-05-31,113.9,7.1,31.0,1.0
1972-04-30,89.6,6.3,30.0,1.0
1972-03-31,113.5,7.1,31.0,1.0
1972-02-29,125.3,7.5,29.0,1.0
1972-01-31,87.0,6.2,31.0,1.0
1971-12-31,116.5,7.2,31.0,1.0
1971-11-30,89.5,6.3,30.0,1.0
1971-10-31,73.4,5.7,31.0,1.0
1971-09-30,71.3,5.6,30.0,1.0
1971-08-31,87.0,6.2,31.0,1.0
1971-07-31,114.7,7.1,31.0,1.0
1971-06-30,70.7,5.6,30.0,1.0
1971-05-31,81.5,6.0,31.0,1.0
1971-04-30,101.6,6.7,30.0,1.0
1971-03-31,85.9,6.2,31.0,1.0
1971-02-28,111.8,7.0,28.0,1.0
1971-01-31,129.2,7.6,31.0,1.0
1970-12-31,118.2,7.2,31.0,1.0
1970-11-30,134.8,7.8,30.0,1.0
1970-10-31,122.6,7.4,31.0,1.0
1970-09-30,140.8,7.9,30.0,1.0
1970-08-31,131.7,7.7,31.0,1.0
1970-07-31,159.3,8.4,31.0,1.0
1970-06-30,151.3,8.2,30.0,1.0
1970-05-31,180.5,9.0,31.0,1.0
1970-04-30,155.1,8.3,30.0,1.0
1970-03-31,145.7,8.1,31.0,1.0
1970-02-28,180.8,9.0,28.0,1.0
1970-01-31,157.9,8.4,31.0,1.0
1969-12-31,138.6,7.9,31.0,1.0
1969-11-30,132.4,7.7,30.0,1.0
1969-10-31,135.4,7.8,31.0,1.0
1969-09-30,129.3,7.6,30.0,1.0
1969-08-31,138.8,7.9,31.0,1.0
1969-07-31,137.1,7.8,31.0,1.0
1969-06-30,150.1,8.2,30.0,1.0
1969-05-31,169.9,8.7,31.0,1.0
1969-04-30,151.1,8.2,30.0,1.0
1969-03-31,192.3,9.3,31.0,1.0
1969-02-28,170.5,8.7,28.0,1.0
1969-01-31,147.8,8.1,31.0,1.0
1968-12-31,155.5,8.3,31.0,1.0
1968-11-30,121.7,7.4,30.0,1.0
1968-10-31,152.5,8.2,31.0,1.0
1968-09-30,166.0,8.6,30.0,1.0
1968-08-31,154.8,8.3,31.0,1.0
1968-07-31,136.2,7.8,31.0,1.0
1968-06-30,156.2,8.3,30.0,1.0
1968-05-31,180.0,9.0,31.0,1.0
1968-04-30,115.0,7.2,30.0,1.0
1968-03-31,130.5,7.6,31.0,1.0
1968-02-29,158.5,8.4,29.0,1.0
1968-01-31,172.5,8.8,31.0,1.0
1967-12-31,179.0,8.9,31.0,1.0
1967-11-30,133.6,7.7,30.0,1.0
1967-10-31,125.0,7.5,31.0,1.0
1967-09-30,108.7,7.0,30.0,1.0
1967-08-31,151.8,8.2,31.0,1.0
1967-07-31,129.5,7.6,31.0,1.0
1967-06-30,95.4,6.5,30.0,1.0
1967-05-31,122.5,7.4,31.0,1.0
1967-04-30,98.4,6.6,30.0,1.0
1967-03-31,158.3,8.4,31.0,1.0
1967-02-28,132.6,7.7,28.0,1.0
1967-01-31,157.0,8.4,31.0,1.0
1966-12-31,99.8,6.7,31.0,1.0
1966-11-30,81.0,6.0,30.0,1.0
1966-10-31,81.2,6.0,31.0,1.0
1966-09-30,71.1,5.6,30.0,1.0
1966-08-31,72.6,5.7,31.0,1.0
1966-07-31,80.2,6.0,31.0,1.0
1966-06-30,67.7,5.5,30.0,1.0
1966-05-31,64.2,5.3,31.0,1.0
1966-04-30,69.0,5.5,30.0,1.0
1966-03-31,36.4,4.0,31.0,1.0
1966-02-28,35.3,4.0,28.0,1.0
1966-01-31,40.3,4.3,31.0,1.0
1965-12-31,24.7,3.4,31.0,1.0
1965-11-30,22.8,3.2,30.0,1.0
1965-10-31,29.1,3.6,31.0,1.0
1965-09-30,24.5,3.4,30.0,1.0
1965-08-31,13.3,2.5,31.0,1.0
1965-07-31,17.3,2.8,31.0,1.0
1965-06-30,23.3,3.3,30.0,1.0
1965-05-31,34.5,3.9,31.0,1.0
1965-04-30,10.2,2.2,30.0,1.0
1965-03-31,17.5,2.8,31.0,1.0
1965-02-28,20.8,3.1,28.0,1.0
1965-01-31,25.4,3.4,31.0,1.0
1964-12-31,22.1,3.2,31.0,1.0
1964-11-30,11.1,2.3,30.0,1.0
1964-10-31,9.2,2.1,31.0,1.0
1964-09-30,7.0,1.8,30.0,1.0
1964-08-31,13.8,2.5,31.0,1.0
1964-07-31,4.8,1.5,31.0,1.0
1964-06-30,13.5,2.5,30.0,1.0
1964-05-31,14.3,2.6,31.0,1.0
1964-04-30,12.9,2.5,30.0,1.0
1964-03-31,24.1,3.3,31.0,1.0
1964-02-29,25.3,3.4,29.0,1.0
1964-01-31,22.6,3.2,31.0,1.0
1963-12-31,21.6,3.2,31.0,1.0
1963-11-30,33.7,3.9,30.0,1.0
1963-10-31,50.1,4.7,31.0,1.0
1963-09-30,55.2,5.0,30.0,1.0
1963-08-31,47.5,4.6,31.0,1.0
1963-07-31,28.7,3.6,31.0,1.0
1963-06-30,51.2,4.8,30.0,1.0
1963-05-31,61.1,5.2,31.0,1.0
1963-04-30,41.7,4.3,30.0,1.0
1963-03-31,24.8,3.4,31.0,1.0
1963-02-28,35.2,4.0,28.0,1.0
1963-01-31,28.7,3.6,31.0,1.0
1962-12-31,33.2,3.9,31.0,1.0
1962-11-30,38.8,4.2,30.0,1.0
1962-10-31,56.1,5.0,31.0,1.0
1962-09-30,72.7,5.7,30.0,1.0
1962-08-31,31.5,3.8,31.0,1.0
1962-07-31,31.4,3.8,31.0,1.0
1962-06-30,59.6,5.2,30.0,1.0
1962-05-31,61.9,5.2,31.0,1.0
1962-04-30,65.9,5.4,30.0,1.0
1962-03-31,64.9,5.4,31.0,1.0
1962-02-28,71.7,5.7,28.0,1.0
1962-01-31,55.1,5.0,31.0,1.0
1961-12-31,56.9,5.0,31.0,1.0
1961-11-30,46.5,4.6,30.0,1.0
1961-10-31,53.7,4.9,31.0,1.0
1961-09-30,90.1,6.3,30.0,1.0
1961-08-31,79.2,6.0,31.0,1.0
1961-07-31,99.3,6.6,31.0,1.0
1961-06-30,109.5,7.0,30.0,1.0
1961-05-31,72.3,5.7,31.0,1.0
1961-04-30,86.9,6.2,30.0,1.0
1961-03-31,75.2,5.8,31.0,1.0
1961-02-28,65.4,5.4,28.0,1.0
1961-01-31,82.1,6.0,31.0,1.0
1960-12-31,121.2,7.4,31.0,1.0
1960-11-30,126.9,7.5,30.0,1.0
1960-10-31,117.3,7.2,31.0,1.0
1960-09-30,180.1,9.0,30.0,1.0
1960-08-31,190.0,9.2,31.0,1.0
1960-07-31,172.4,8.8,31.0,1.0
1960-06-30,156.0,8.3,30.0,1.0
1960-05-31,169.3,8.7,31.0,1.0
1960-04-30,172.7,8.8,30.0,1.0
1960-03-31,144.6,8.0,31.0,1.0
1960-02-29,149.9,8.2,29.0,1.0
1960-01-31,207.2,9.6,31.0,1.0
1959-12-31,177.1,8.9,31.0,1.0
1959-11-30,175.6,8.9,30.0,1.0
1959-10-31,157.7,8.4,31.0,1.0
1959-09-30,205.6,9.6,30.0,1.0
1959-08-31,282.6,11.3,31.0,1.0
1959-07-31,211.9,9.7,31.0,1.0
1959-06-30,238.9,10.3,30.0,1.0
1959-05-31,243.6,10.4,31.0,1.0
1959-04-30,231.3,10.2,30.0,1.0
1959-03-31,263.0,10.9,31.0,1.0
1959-02-28,202.6,9.5,28.0,1.0
1959-01-31,307.7,11.7,31.0,1.0
1958-12-31,265.7,10.9,31.0,1.0
1958-11-30,215.6,9.8,30.0,1.0
1958-10-31,256.9,10.7,31.0,1.0
1958-09-30,285.1,11.3,30.0,1.0
1958-08-31,283.5,11.3,31.0,1.0
1958-07-31,271.0,11.0,31.0,1.0
1958-06-30,242.9,10.4,30.0,1.0
1958-05-31,248.2,10.5,31.0,1.0
1958-04-30,277.6,11.2,30.0,1.0
1958-03-31,270.0,11.0,31.0,1.0
1958-02-28,233.6,10.2,28.0,1.0
1958-01-31,286.7,11.3,31.0,1.0
1957-12-31,339.0,12.3,31.0,1.0
1957-11-30,298.6,11.6,30.0,1.0
1957-10-31,359.4,12.7,31.0,1.0
1957-09-30,334.0,12.3,30.0,1.0
1957-08-31,223.7,10.0,31.0,1.0
1957-07-31,265.1,10.9,31.0,1.0
1957-06-30,284.3,11.3,30.0,1.0
1957-05-31,233.0,10.2,31.0,1.0
1957-04-30,248.0,10.5,30.0,1.0
1957-03-31,222.8,10.0,31.0,1.0
1957-02-28,184.5,9.1,28.0,1.0
1957-01-31,233.7,10.2,31.0,1.0
1956-12-31,272.0,11.0,31.0,1.0
1956-11-30,285.0,11.3,30.0,1.0
1956-10-31,219.9,9.9,31.0,1.0
1956-09-30,245.4,10.5,30.0,1.0
1956-08-31,240.2,10.4,31.0,1.0
1956-07-31,182.7,9.0,31.0,1.0
1956-06-30,165.1,8.6,30.0,1.0
1956-05-31,193.4,9.3,31.0,1.0
1956-04-30,156.7,8.4,30.0,1.0
1956-03-31,167.7,8.6,31.0,1.0
1956-02-29,175.6,8.9,29.0,1.0
1956-01-31,104.1,6.8,31.0,1.0
1955-12-31,108.8,6.9,31.0,1.0
1955-11-30,126.3,7.5,30.0,1.0
1955-10-31,83.0,6.1,31.0,1.0
1955-09-30,60.8,5.2,30.0,1.0
1955-08-31,58.0,5.1,31.0,1.0
1955-07-31,38.2,4.1,31.0,1.0
1955-06-30,45.2,4.5,30.0,1.0
1955-05-31,41.3,4.3,31.0,1.0
1955-04-30,16.4,2.7,30.0,1.0
1955-03-31,7.3,1.9,31.0,1.0
1955-02-28,29.9,3.7,28.0,1.0
1955-01-31,33.4,3.9,31.0,1.0
1954-12-31,11.3,2.3,31.0,1.0
1954-11-30,13.4,2.5,30.0,1.0
1954-10-31,10.5,2.2,31.0,1.0
1954-09-30,2.3,1.0,30.0,1.0
1954-08-31,12.6,2.4,31.0,1.0
1954-07-31,7.3,1.9,31.0,1.0
1954-06-30,0.4,0.4,30.0,1.0
1954-05-31,1.2,0.7,31.0,1.0
1954-04-30,2.7,1.1,30.0,1.0
1954-03-31,15.8,2.7,31.0,1.0
1954-02-28,0.8,0.6,28.0,1.0
1954-01-31,0.4,0.4,31.0,1.0
1953-12-31,3.9,1.3,31.0,1.0
1953-11-30,2.5,1.1,30.0,1.0
1953-10-31,12.3,2.4,31.0,1.0
1953-09-30,28.0,3.6,30.0,1.0
1953-08-31,33.6,3.9,31.0,1.0
1953-07-31,12.7,2.4,31.0,1.0
1953-06-30,31.5,3.8,30.0,1.0
1953-05-31,18.3,2.9,31.0,1.0
1953-04-30,39.6,4.2,30.0,1.0
1953-03-31,14.7,2.6,31.0,1.0
1953-02-28,5.9,1.7,28.0,1.0
1953-01-31,37.9,4.1,31.0,1.0
1952-12-31,48.9,4.7,31.0,1.0
1952-11-30,31.8,3.8,30.0,1.0
1952-10-31,34.2,3.9,31.0,1.0
1952-09-30,40.4,4.3,30.0,1.0
1952-08-31,77.8,5.9,31.0,1.0
1952-07-31,56.1,5.0,31.0,1.0
1952-06-30,52.0,4.8,30.0,1.0
1952-05-31,33.6,3.9,31.0,1.0
1952-04-30,41.7,4.3,30.0,1.0
1952-03-31,31.5,3.8,31.0,1.0
1952-02-29,32.4,3.8,29.0,1.0
1952-01-31,57.9,5.1,31.0,1.0
1951-12-31,65.0,5.4,31.0,1.0
1951-11-30,74.2,5.7,30.0,1.0
1951-10-31,73.3,5.7,31.0,1.0
1951-09-30,117.7,7.2,30.0,1.0
1951-08-31,86.5,6.2,31.0,1.0
1951-07-31,87.2,6.2,31.0,1.0
1951-06-30,142.4,8.0,30.0,1.0
1951-05-31,153.7,8.3,31.0,1.0
1951-04-30,131.7,7.7,30.0,1.0
1951-03-31,79.3,5.9,31.0,1.0
1951-02-28,84.8,6.1,28.0,1.0
1951-01-31,85.0,6.2,31.0,1.0
1950-12-31,76.7,5.9,31.0,1.0
1950-11-30,77.7,5.9,30.0,1.0
1950-10-31,87.0,6.2,31.0,1.0
1950-09-30,72.7,5.7,30.0,1.0
1950-08-31,120.6,7.3,31.0,1.0
1950-07-31,128.9,7.6,31.0,1.0
1950-06-30,118.3,7.3,30.0,1.0
1950-05-31,150.5,8.2,31.0,1.0
1950-04-30,160.6,8.5,30.0,1.0
1950-03-31,155.4,8.3,31.0,1.0
1950-02-28,134.3,7.7,28.0,1.0
1950-01-31,143.9,8.0,31.0,1.0
1949-12-31,166.6,8.6,31.0,1.0
1949-11-30,203.2,9.5,30.0,1.0
1949-10-31,186.3,9.1,31.0,1.0
1949-09-30,205.8,9.6,30.0,1.0
1949-08-31,175.3,8.9,31.0,1.0
1949-07-31,178.3,8.9,31.0,1.0
1949-06-30,172.4,8.8,30.0,1.0
1949-05-31,150.4,8.2,31.0,1.0
1949-04-30,208.1,9.7,30.0,1.0
1949-03-31,223.0,10.0,31.0,1.0
1949-02-28,258.0,10.8,28.0,1.0
1949-01-31,168.6,8.7,31.0,1.0
1948-12-31,195.3,9.3,31.0,1.0
1948-11-30,135.6,7.8,30.0,1.0
1948-10-31,192.9,9.3,31.0,1.0
1948-09-30,202.9,9.5,30.0,1.0
1948-08-31,223.7,10.0,31.0,1.0
1948-07-31,201.4,9.5,31.0,1.0
1948-06-30,237.5,10.3,30.0,1.0
1948-05-31,246.4,10.5,31.0,1.0
1948-04-30,268.5,11.0,30.0,1.0
1948-03-31,134.3,7.7,31.0,1.0
1948-02-29,122.0,7.4,29.0,1.0
1948-01-31,153.6,8.3,31.0,1.0
1947-12-31,164.9,8.6,31.0,1.0
1947-11-30,181.3,9.0,30.0,1.0
1947-10-31,231.7,10.2,31.0,1.0
1947-09-30,239.9,10.4,30.0,1.0
1947-08-31,267.4,10.9,31.0,1.0
1947-07-31,223.5,10.0,31.0,1.0
1947-06-30,232.1,10.2,30.0,1.0
1947-05-31,285.0,11.3,31.0,1.0
1947-04-30,212.1,9.7,30.0,1.0
1947-03-31,183.8,9.1,31.0,1.0
1947-02-28,188.9,9.2,28.0,1.0
1947-01-31,163.7,8.5,31.0,1.0
1946-12-31,202.9,12.7,31.0,1.0
1946-11-30,206.3,12.8,30.0,1.0
1946-10-31,170.5,11.6,31.0,1.0
1946-09-30,157.4,11.2,30.0,1.0
1946-08-31,178.7,11.9,31.0,1.0
1946-07-31,193.7,12.4,31.0,1.0
1946-06-30,122.6,9.9,30.0,1.0
1946-05-31,141.6,10.6,31.0,1.0
1946-04-30,126.1,10.0,30.0,1.0
1946-03-31,127.7,10.1,31.0,1.0
1946-02-28,143.8,10.7,28.0,1.0
1946-01-31,79.3,7.9,31.0,1.0
1945-12-31,45.7,6.0,31.0,1.0
1945-11-30,76.6,7.8,30.0,1.0
1945-10-31,114.5,9.5,31.0,1.0
1945-09-30,58.1,6.8,30.0,1.0
1945-08-31,43.1,5.9,31.0,1.0
1945-07-31,71.0,7.5,31.0,1.0
1945-06-30,60.2,6.9,30.0,1.0
1945-05-31,51.0,6.4,31.0,1.0
1945-04-30,53.4,6.5,30.0,1.0
1945-03-31,35.9,5.4,31.0,1.0
1945-02-28,21.2,4.2,28.0,1.0
1945-01-31,30.8,5.0,31.0,1.0
1944-12-31,47.4,6.2,31.0,1.0
1944-11-30,17.9,3.9,30.0,1.0
1944-10-31,28.1,4.8,31.0,1.0
1944-09-30,23.7,4.4,30.0,1.0
1944-08-31,27.9,4.8,31.0,1.0
1944-07-31,8.5,2.9,31.0,1.0
1944-06-30,8.2,2.8,30.0,1.0
1944-05-31,4.1,2.6,31.0,1.0
1944-04-30,0.4,2.1,30.0,1.0
1944-03-31,18.3,4.0,31.0,1.0
1944-02-29,0.8,2.1,29.0,1.0
1944-01-31,6.1,2.7,31.0,1.0
1943-12-31,31.4,5.1,31.0,1.0
1943-11-30,17.0,3.9,30.0,1.0
1943-10-31,13.0,3.4,31.0,1.0
1943-09-30,16.7,3.9,30.0,1.0
1943-08-31,32.3,5.1,31.0,1.0
1943-07-31,22.0,4.3,31.0,1.0
1943-06-30,12.7,3.4,30.0,1.0
1943-05-31,23.6,4.3,31.0,1.0
1943-04-30,43.5,5.9,30.0,1.0
1943-03-31,45.7,6.0,31.0,1.0
1943-02-28,48.1,6.2,28.0,1.0
1943-01-31,20.7,4.1,31.0,1.0
1942-12-31,37.6,5.5,31.0,1.0
1942-11-30,51.3,6.4,30.0,1.0
1942-10-31,32.0,5.1,31.0,1.0
1942-09-30,28.7,4.8,30.0,1.0
1942-08-31,33.7,5.2,31.0,1.0
1942-07-31,29.6,4.9,31.0,1.0
1942-06-30,18.9,4.0,30.0,1.0
1942-05-31,41.8,5.8,31.0,1.0
1942-04-30,101.2,9.0,30.0,1.0
1942-03-31,90.4,8.5,31.0,1.0
1942-02-28,87.9,8.4,28.0,1.0
1942-01-31,59.5,6.9,31.0,1.0
1941-12-31,56.2,6.7,31.0,1.0
1941-11-30,64.0,7.2,30.0,1.0
1941-10-31,77.2,7.8,31.0,1.0
1941-09-30,109.8,9.4,30.0,1.0
1941-08-31,100.1,8.9,31.0,1.0
1941-07-31,111.4,9.4,31.0,1.0
1941-06-30,99.6,8.9,30.0,1.0
1941-05-31,49.0,6.3,31.0,1.0
1941-04-30,54.6,6.6,30.0,1.0
1941-03-31,77.5,7.8,31.0,1.0
1941-02-28,74.3,7.7,28.0,1.0
1941-01-31,76.1,7.8,31.0,1.0
1940-12-31,113.8,9.5,31.0,1.0
1940-11-30,97.4,8.8,30.0,1.0
1940-10-31,91.5,8.5,31.0,1.0
1940-09-30,110.8,9.4,30.0,1.0
1940-08-31,175.9,11.8,31.0,1.0
1940-07-31,112.5,9.5,31.0,1.0
1940-06-30,139.8,10.5,30.0,1.0
1940-05-31,90.6,8.5,31.0,1.0
1940-04-30,101.1,9.0,30.0,1.0
1940-03-31,138.9,10.5,31.0,1.0
1940-02-29,99.1,8.9,29.0,1.0
1940-01-31,84.1,8.2,31.0,1.0
1939-12-31,70.2,7.5,31.0,1.0
1939-11-30,113.7,9.5,30.0,1.0
1939-10-31,146.9,10.8,31.0,1.0
1939-09-30,187.7,12.2,30.0,1.0
1939-08-31,176.3,11.8,31.0,1.0
1939-07-31,162.6,11.4,31.0,1.0
1939-06-30,168.3,11.6,30.0,1.0
1939-05-31,197.3,12.5,31.0,1.0
1939-04-30,181.9,12.0,30.0,1.0
1939-03-31,107.8,9.3,31.0,1.0
1939-02-28,129.0,10.1,28.0,1.0
1939-01-31,133.9,10.3,31.0,1.0
1938-12-31,154.7,11.1,31.0,1.0
1938-11-30,203.6,12.7,30.0,1.0
1938-10-31,165.3,11.5,31.0,1.0
1938-09-30,149.3,10.9,30.0,1.0
1938-08-31,192.8,12.4,31.0,1.0
1938-07-31,275.6,14.8,31.0,1.0
1938-06-30,162.6,11.4,30.0,1.0
1938-05-31,212.3,13.0,31.0,1.0
1938-04-30,168.4,11.6,30.0,1.0
1938-03-31,144.2,10.7,31.0,1.0
1938-02-28,198.6,12.6,28.0,1.0
1938-01-31,164.0,11.4,31.0,1.0
1937-12-31,147.9,10.8,31.0,1.0
1937-11-30,123.9,9.9,30.0,1.0
1937-10-31,208.2,12.9,31.0,1.0
1937-09-30,167.9,11.6,30.0,1.0
1937-08-31,229.5,13.5,31.0,1.0
1937-07-31,241.8,13.9,31.0,1.0
1937-06-30,217.1,13.1,30.0,1.0
1937-05-31,194.4,12.4,31.0,1.0
1937-04-30,182.2,12.0,30.0,1.0
1937-03-31,139.7,10.5,31.0,1.0
1937-02-28,214.1,13.0,28.0,1.0
1937-01-31,220.9,13.3,31.0,1.0
1936-12-31,205.6,12.8,31.0,1.0
1936-11-30,192.3,12.4,30.0,1.0
1936-10-31,148.2,10.9,31.0,1.0
1936-09-30,126.7,10.0,30.0,1.0
1936-08-31,145.0,10.7,31.0,1.0
1936-07-31,87.2,8.3,31.0,1.0
1936-06-30,116.7,9.6,30.0,1.0
1936-05-31,90.9,8.5,31.0,1.0
1936-04-30,124.8,10.0,30.0,1.0
1936-03-31,128.4,10.1,31.0,1.0
1936-02-29,123.9,9.9,29.0,1.0
1936-01-31,104.7,9.1,31.0,1.0
1935-12-31,102.5,9.0,31.0,1.0
1935-11-30,107.0,9.2,30.0,1.0
1935-10-31,88.7,8.4,31.0,1.0
1935-09-30,70.1,7.5,30.0,1.0
1935-08-31,50.2,6.3,31.0,1.0
1935-07-31,56.5,6.7,31.0,1.0
1935-06-30,76.2,7.8,30.0,1.0
1935-05-31,45.4,6.1,31.0,1.0
1935-04-30,20.4,4.2,30.0,1.0
1935-03-31,38.5,5.6,31.0,1.0
1935-02-28,34.1,5.2,28.0,1.0
1935-01-31,31.1,5.0,31.0,1.0
1934-12-31,25.7,4.7,31.0,1.0
1934-11-30,14.5,3.6,30.0,1.0
1934-10-31,9.5,3.0,31.0,1.0
1934-09-30,6.7,2.8,30.0,1.0
1934-08-31,13.9,3.6,31.0,1.0
1934-07-31,15.3,3.7,31.0,1.0
1934-06-30,11.2,3.3,30.0,1.0
1934-05-31,32.9,5.2,31.0,1.0
1934-04-30,18.8,4.0,30.0,1.0
1934-03-31,7.2,2.8,31.0,1.0
1934-02-28,12.9,3.4,28.0,1.0
1934-01-31,5.7,2.7,31.0,1.0
1933-12-31,0.4,2.1,31.0,1.0
1933-11-30,1.0,2.1,30.0,1.0
1933-10-31,5.0,2.6,31.0,1.0
1933-09-30,8.5,3.0,30.0,1.0
1933-08-31,0.4,2.0,31.0,1.0
1933-07-31,4.7,2.6,31.0,1.0
1933-06-30,8.7,3.0,30.0,1.0
1933-05-31,5.3,2.6,31.0,1.0
1933-04-30,4.9,2.6,30.0,1.0
1933-03-31,16.8,3.8,31.0,1.0
1933-02-28,36.9,5.6,28.0,1.0
1933-01-31,20.4,4.2,31.0,1.0
1932-12-31,18.5,3.9,31.0,1.0
1932-11-30,13.7,3.5,30.0,1.0
1932-10-31,14.8,3.5,31.0,1.0
1932-09-30,6.6,2.7,30.0,1.0
1932-08-31,11.3,3.3,31.0,1.0
1932-07-31,16.0,3.8,31.0,1.0
1932-06-30,36.9,5.4,30.0,1.0
1932-05-31,29.7,4.9,31.0,1.0
1932-04-30,18.7,4.1,30.0,1.0
1932-03-31,18.8,4.0,31.0,1.0
1932-02-29,17.6,3.9,29.0,1.0
1932-01-31,20.1,4.1,31.0,1.0
1931-12-31,29.7,4.9,31.0,1.0
1931-11-30,31.2,5.1,30.0,1.0
1931-10-31,16.6,3.7,31.0,1.0
1931-09-30,31.7,5.0,30.0,1.0
1931-08-31,21.6,4.3,31.0,1.0
1931-07-31,29.0,4.8,31.0,1.0
1931-06-30,25.5,4.7,30.0,1.0
1931-05-31,40.8,5.7,31.0,1.0
1931-04-30,52.0,6.4,30.0,1.0
1931-03-31,50.1,6.3,31.0,1.0
1931-02-28,71.8,7.6,28.0,1.0
1931-01-31,24.4,4.5,31.0,1.0
1930-12-31,43.0,5.9,31.0,1.0
1930-11-30,59.4,6.9,30.0,1.0
1930-10-31,57.2,6.8,31.0,1.0
1930-09-30,53.5,6.5,30.0,1.0
1930-08-31,41.5,5.7,31.0,1.0
1930-07-31,36.5,5.4,31.0,1.0
1930-06-30,48.0,6.2,30.0,1.0
1930-05-31,61.4,7.0,31.0,1.0
1930-04-30,63.7,7.1,30.0,1.0
1930-03-31,58.4,6.8,31.0,1.0
1930-02-28,83.1,8.1,28.0,1.0
1930-01-31,108.8,9.3,31.0,1.0
1929-12-31,179.9,12.0,31.0,1.0
1929-11-30,135.1,10.4,30.0,1.0
1929-10-31,90.1,8.5,31.0,1.0
1929-09-30,57.3,6.8,30.0,1.0
1929-08-31,109.6,9.3,31.0,1.0
1929-07-31,117.1,9.6,31.0,1.0
1929-06-30,119.9,9.8,30.0,1.0
1929-05-31,97.0,8.8,31.0,1.0
1929-04-30,87.9,8.4,30.0,1.0
1929-03-31,83.8,8.2,31.0,1.0
1929-02-28,104.7,9.1,28.0,1.0
1929-01-31,114.8,9.6,31.0,1.0
1928-12-31,98.3,8.8,31.0,1.0
1928-11-30,83.9,8.2,30.0,1.0
1928-10-31,102.3,9.0,31.0,1.0
1928-09-30,149.6,10.9,30.0,1.0
1928-08-31,139.6,10.5,31.0,1.0
1928-07-31,163.4,11.4,31.0,1.0
1928-06-30,152.4,11.0,30.0,1.0
1928-05-31,128.3,10.1,31.0,1.0
1928-04-30,134.3,10.3,30.0,1.0
1928-03-31,142.4,10.7,31.0,1.0
1928-02-29,122.4,9.9,29.0,1.0
1928-01-31,139.2,10.5,31.0,1.0
1927-12-31,75.3,7.7,31.0,1.0
1927-11-30,112.1,9.4,30.0,1.0
1927-10-31,105.2,9.1,31.0,1.0
1927-09-30,114.1,9.5,30.0,1.0
1927-08-31,89.6,8.4,31.0,1.0
1927-07-31,91.6,8.5,31.0,1.0
1927-06-30,98.5,8.8,30.0,1.0
1927-05-31,131.9,10.2,31.0,1.0
1927-04-30,155.8,11.1,30.0,1.0
1927-03-31,116.1,9.6,31.0,1.0
1927-02-28,155.1,11.1,28.0,1.0
1927-01-31,136.0,10.4,31.0,1.0
1926-12-31,132.4,10.3,31.0,1.0
1926-11-30,100.8,9.0,30.0,1.0
1926-10-31,119.3,9.7,31.0,1.0
1926-09-30,101.4,9.0,30.0,1.0
1926-08-31,102.7,9.0,31.0,1.0
1926-07-31,87.2,8.3,31.0,1.0
1926-06-30,122.4,9.9,30.0,1.0
1926-05-31,107.0,9.2,31.0,1.0
1926-04-30,64.2,7.2,30.0,1.0
1926-03-31,104.2,9.1,31.0,1.0
1926-02-28,116.4,9.6,28.0,1.0
1926-01-31,119.7,9.8,31.0,1.0
1925-12-31,164.4,11.4,31.0,1.0
1925-11-30,97.6,8.8,30.0,1.0
1925-10-31,115.3,9.6,31.0,1.0
1925-09-30,100.3,8.9,30.0,1.0
1925-08-31,63.3,7.1,31.0,1.0
1925-07-31,64.2,7.2,31.0,1.0
1925-06-30,79.1,7.9,30.0,1.0
1925-05-31,71.4,7.5,31.0,1.0
1925-04-30,53.0,6.5,30.0,1.0
1925-03-31,30.0,5.0,31.0,1.0
1925-02-28,38.6,5.6,28.0,1.0
1925-01-31,9.1,3.1,31.0,1.0
1924-12-31,27.5,4.8,31.0,1.0
1924-11-30,37.5,5.6,30.0,1.0
1924-10-31,42.6,5.8,31.0,1.0
1924-09-30,41.9,5.8,30.0,1.0
1924-08-31,32.1,5.1,31.0,1.0
1924-07-31,46.9,6.1,31.0,1.0
1924-06-30,40.0,5.6,30.0,1.0
1924-05-31,34.6,5.3,31.0,1.0
1924-04-30,18.9,4.2,30.0,1.0
1924-03-31,3.0,2.4,31.0,1.0
1924-02-29,8.5,3.1,29.0,1.0
1924-01-31,0.8,2.1,31.0,1.0
1923-12-31,4.6,2.6,31.0,1.0
1923-11-30,16.7,3.8,30.0,1.0
1923-10-31,19.5,4.0,31.0,1.0
1923-09-30,22.1,4.2,30.0,1.0
1923-08-31,0.8,2.1,31.0,1.0
1923-07-31,5.9,2.7,31.0,1.0
1923-06-30,15.3,3.7,30.0,1.0
1923-05-31,5.3,2.6,31.0,1.0
1923-04-30,10.2,3.1,30.0,1.0
1923-03-31,5.5,2.6,31.0,1.0
1923-02-28,2.5,2.3,28.0,1.0
1923-01-31,7.5,3.0,31.0,1.0
1922-12-31,29.0,5.0,31.0,1.0
1922-11-30,12.2,3.3,30.0,1.0
1922-10-31,10.4,3.2,31.0,1.0
1922-09-30,7.8,2.8,30.0,1.0
1922-08-31,10.9,3.3,31.0,1.0
1922-07-31,18.3,4.0,31.0,1.0
1922-06-30,9.8,3.1,30.0,1.0
1922-05-31,13.4,3.5,31.0,1.0
1922-04-30,18.3,4.0,30.0,1.0
1922-03-31,91.3,8.5,31.0,1.0
1922-02-28,43.9,6.0,28.0,1.0
1922-01-31,19.7,4.1,31.0,1.0
1921-12-31,33.9,5.3,31.0,1.0
1921-11-30,29.6,5.0,30.0,1.0
1921-10-31,30.3,5.0,31.0,1.0
1921-09-30,29.6,4.9,30.0,1.0
1921-08-31,38.0,5.5,31.0,1.0
1921-07-31,69.7,7.4,31.0,1.0
1921-06-30,56.2,6.7,30.0,1.0
1921-05-31,37.0,5.5,31.0,1.0
1921-04-30,54.0,6.6,30.0,1.0
1921-03-31,44.5,6.0,31.0,1.0
1921-02-28,47.1,6.1,28.0,1.0
1921-01-31,52.5,6.5,31.0,1.0
1920-12-31,49.8,6.3,31.0,1.0
1920-11-30,45.3,6.0,30.0,1.0
1920-10-31,82.7,8.1,31.0,1.0
1920-09-30,60.5,7.0,30.0,1.0
1920-08-31,31.9,5.1,31.0,1.0
1920-07-31,45.7,6.0,31.0,1.0
1920-06-30,64.6,7.2,30.0,1.0
1920-05-31,55.4,6.6,31.0,1.0
1920-04-30,24.7,4.5,30.0,1.0
1920-03-31,116.9,9.6,31.0,1.0
1920-02-29,89.8,8.5,29.0,1.0
1920-01-31,85.3,8.2,31.0,1.0
1919-12-31,58.0,6.8,31.0,1.0
1919-11-30,69.9,7.5,30.0,1.0
1919-10-31,88.0,8.4,31.0,1.0
1919-09-30,91.1,8.5,30.0,1.0
1919-08-31,115.1,9.6,31.0,1.0
1919-07-31,107.8,9.3,31.0,1.0
1919-06-30,185.3,12.1,30.0,1.0
1919-05-31,146.9,10.8,31.0,1.0
1919-04-30,86.3,8.3,30.0,1.0
1919-03-31,110.9,9.4,31.0,1.0
1919-02-28,132.5,10.3,28.0,1.0
1919-01-31,80.2,8.0,31.0,1.0
1918-12-31,98.5,8.9,31.0,1.0
1918-11-30,139.0,10.5,30.0,1.0
1918-10-31,141.7,10.6,31.0,1.0
1918-09-30,133.2,10.3,30.0,1.0
1918-08-31,169.6,11.6,31.0,1.0
1918-07-31,179.5,11.9,31.0,1.0
1918-06-30,99.0,8.9,30.0,1.0
1918-05-31,127.9,10.1,31.0,1.0
1918-04-30,134.1,10.3,30.0,1.0
1918-03-31,120.4,9.8,31.0,1.0
1918-02-28,108.7,9.3,28.0,1.0
1918-01-31,160.0,11.3,31.0,1.0
1917-12-31,215.5,13.1,31.0,1.0
1917-11-30,160.7,11.3,30.0,1.0
1917-10-31,120.3,9.8,31.0,1.0
1917-09-30,215.6,13.1,30.0,1.0
1917-08-31,257.7,14.3,31.0,1.0
1917-07-31,199.7,12.6,31.0,1.0
1917-06-30,191.4,12.3,30.0,1.0
1917-05-31,190.2,12.3,31.0,1.0
1917-04-30,124.6,10.0,30.0,1.0
1917-03-31,158.0,11.2,31.0,1.0
1917-02-28,119.9,9.8,28.0,1.0
1917-01-31,124.5,10.0,31.0,1.0
1916-12-31,88.3,8.4,31.0,1.0
1916-11-30,109.5,9.3,30.0,1.0
1916-10-31,84.5,8.2,31.0,1.0
1916-09-30,75.1,7.7,30.0,1.0
1916-08-31,58.6,6.9,31.0,1.0
1916-07-31,89.3,8.4,31.0,1.0
1916-06-30,112.9,9.5,30.0,1.0
1916-05-31,124.0,9.9,31.0,1.0
1916-04-30,119.8,9.8,30.0,1.0
1916-03-31,111.7,9.4,31.0,1.0
1916-02-29,92.4,8.6,29.0,1.0
1916-01-31,75.5,7.8,31.0,1.0
1915-12-31,57.5,6.8,31.0,1.0
1915-11-30,70.9,7.5,30.0,1.0
1915-10-31,89.1,8.4,31.0,1.0
1915-09-30,82.4,8.1,30.0,1.0
1915-08-31,116.0,9.6,31.0,1.0
1915-07-31,119.4,9.7,31.0,1.0
1915-06-30,114.7,9.5,30.0,1.0
1915-05-31,55.1,6.7,31.0,1.0
1915-04-30,68.9,7.4,30.0,1.0
1915-03-31,64.8,7.2,31.0,1.0
1915-02-28,70.4,7.5,28.0,1.0
1915-01-31,38.5,5.5,31.0,1.0
1914-12-31,37.3,5.4,31.0,1.0
1914-11-30,27.3,4.7,30.0,1.0
1914-10-31,13.7,3.5,31.0,1.0
1914-09-30,21.2,4.2,30.0,1.0
1914-08-31,12.9,3.5,31.0,1.0
1914-07-31,9.1,3.0,31.0,1.0
1914-06-30,19.1,4.1,30.0,1.0
1914-05-31,8.7,3.1,31.0,1.0
1914-04-30,28.9,4.8,30.0,1.0
1914-03-31,5.3,2.6,31.0,1.0
1914-02-28,4.4,2.5,28.0,1.0
1914-01-31,4.7,2.6,31.0,1.0
1913-12-31,6.3,2.8,31.0,1.0
1913-11-30,1.2,2.1,30.0,1.0
1913-10-31,5.2,2.6,31.0,1.0
1913-09-30,2.0,2.3,30.0,1.0
1913-08-31,0.4,2.0,31.0,1.0
1913-07-31,2.9,2.4,31.0,1.0
1913-06-30,0.0,2.0,30.0,1.0
1913-05-31,0.0,2.0,31.0,1.0
1913-04-30,1.6,2.2,30.0,1.0
1913-03-31,0.8,2.1,31.0,1.0
1913-02-28,4.8,2.6,28.0,1.0
1913-01-31,3.8,2.4,31.0,1.0
1912-12-31,10.6,3.3,31.0,1.0
1912-11-30,1.9,2.3,30.0,1.0
1912-10-31,7.6,3.0,31.0,1.0
1912-09-30,15.9,3.7,30.0,1.0
1912-08-31,0.5,2.1,31.0,1.0
1912-07-31,4.9,2.6,31.0,1.0
1912-06-30,6.9,2.7,30.0,1.0
1912-05-31,7.4,2.8,31.0,1.0
1912-04-30,7.6,3.0,30.0,1.0
1912-03-31,8.2,2.9,31.0,1.0
1912-02-29,0.0,2.0,29.0,1.0
1912-01-31,0.4,2.1,31.0,1.0
1911-12-31,3.7,2.4,31.0,1.0
1911-11-30,7.0,2.7,30.0,1.0
1911-10-31,4.5,2.5,31.0,1.0
1911-09-30,6.7,2.8,30.0,1.0
1911-08-31,6.7,2.7,31.0,1.0
1911-07-31,5.9,2.7,31.0,1.0
1911-06-30,3.7,2.4,30.0,1.0
1911-05-31,15.1,3.7,31.0,1.0
1911-04-30,27.6,4.7,30.0,1.0
1911-03-31,13.0,3.5,31.0,1.0
1911-02-28,15.0,3.7,28.0,1.0
1911-01-31,5.6,2.6,31.0,1.0
1910-12-31,9.6,3.1,31.0,1.0
1910-11-30,8.3,3.0,30.0,1.0
1910-10-31,63.9,7.1,31.0,1.0
1910-09-30,43.7,5.9,30.0,1.0
1910-08-31,19.3,4.1,31.0,1.0
1910-07-31,23.5,4.4,31.0,1.0
1910-06-30,20.5,4.1,30.0,1.0
1910-05-31,36.9,5.4,31.0,1.0
1910-04-30,14.1,3.5,30.0,1.0
1910-03-31,35.7,5.3,31.0,1.0
1910-02-28,52.5,6.5,28.0,1.0
1910-01-31,44.0,5.9,31.0,1.0
1909-12-31,90.2,8.5,31.0,1.0
1909-11-30,93.0,8.6,30.0,1.0
1909-10-31,97.4,8.8,31.0,1.0
1909-09-30,64.7,7.2,30.0,1.0
1909-08-31,38.5,5.5,31.0,1.0
1909-07-31,59.6,6.9,31.0,1.0
1909-06-30,37.8,5.5,30.0,1.0
1909-05-31,60.0,6.9,31.0,1.0
1909-04-30,53.7,6.5,30.0,1.0
1909-03-31,110.5,9.4,31.0,1.0
1909-02-28,77.6,7.9,28.0,1.0
1909-01-31,94.6,8.7,31.0,1.0
1908-12-31,65.9,7.2,31.0,1.0
1908-11-30,75.9,7.8,30.0,1.0
1908-10-31,53.9,6.6,31.0,1.0
1908-09-30,144.9,10.7,30.0,1.0
1908-08-31,150.9,11.0,31.0,1.0
1908-07-31,65.8,7.2,31.0,1.0
1908-06-30,80.2,8.0,30.0,1.0
1908-05-31,68.0,7.4,31.0,1.0
1908-04-30,96.1,8.7,30.0,1.0
1908-03-31,47.9,6.2,31.0,1.0
1908-02-29,56.6,6.7,29.0,1.0
1908-01-31,65.4,7.2,31.0,1.0
1907-12-31,78.9,7.9,31.0,1.0
1907-11-30,102.5,9.0,30.0,1.0
1907-10-31,109.1,9.3,31.0,1.0
1907-09-30,141.7,10.6,30.0,1.0
1907-08-31,90.5,8.5,31.0,1.0
1907-07-31,82.9,8.1,31.0,1.0
1907-06-30,67.2,7.3,30.0,1.0
1907-05-31,71.4,7.5,31.0,1.0
1907-04-30,87.6,8.4,30.0,1.0
1907-03-31,101.1,9.0,31.0,1.0
1907-02-28,180.3,12.0,28.0,1.0
1907-01-31,127.4,10.1,31.0,1.0
1906-12-31,108.0,9.3,31.0,1.0
1906-11-30,64.8,7.2,30.0,1.0
1906-10-31,29.7,4.9,31.0,1.0
1906-09-30,93.5,8.6,30.0,1.0
1906-08-31,79.6,8.0,31.0,1.0
1906-07-31,172.7,11.7,31.0,1.0
1906-06-30,105.3,9.2,30.0,1.0
1906-05-31,96.2,8.7,31.0,1.0
1906-04-30,92.2,8.6,30.0,1.0
1906-03-31,107.4,9.2,31.0,1.0
1906-02-28,52.3,6.5,28.0,1.0
1906-01-31,75.8,7.8,31.0,1.0
1905-12-31,92.5,8.6,31.0,1.0
1905-11-30,178.7,11.9,30.0,1.0
1905-10-31,131.2,10.2,31.0,1.0
1905-09-30,91.8,8.5,30.0,1.0
1905-08-31,98.1,8.8,31.0,1.0
1905-07-31,121.6,9.8,31.0,1.0
1905-06-30,81.6,8.1,30.0,1.0
1905-05-31,79.9,8.0,31.0,1.0
1905-04-30,65.5,7.2,30.0,1.0
1905-03-31,94.3,8.7,31.0,1.0
1905-02-28,143.0,10.7,28.0,1.0
1905-01-31,91.2,8.5,31.0,1.0
1904-12-31,91.1,8.5,31.0,1.0
1904-11-30,63.4,7.1,30.0,1.0
1904-10-31,90.4,8.5,31.0,1.0
1904-09-30,50.2,6.3,30.0,1.0
1904-08-31,97.1,8.8,31.0,1.0
1904-07-31,84.3,8.2,31.0,1.0
1904-06-30,69.8,7.5,30.0,1.0
1904-05-31,65.7,7.2,31.0,1.0
1904-04-30,71.6,7.6,30.0,1.0
1904-03-31,61.9,7.0,31.0,1.0
1904-02-29,40.8,5.7,29.0,1.0
1904-01-31,52.6,6.5,31.0,1.0
1903-12-31,76.2,7.8,31.0,1.0
1903-11-30,74.2,7.7,30.0,1.0
1903-10-31,64.8,7.2,31.0,1.0
1903-09-30,18.5,4.0,30.0,1.0
1903-08-31,48.0,6.2,31.0,1.0
1903-07-31,46.4,6.1,31.0,1.0
1903-06-30,27.2,4.7,30.0,1.0
1903-05-31,24.3,4.5,31.0,1.0
1903-04-30,43.5,5.9,30.0,1.0
1903-03-31,22.5,4.4,31.0,1.0
1903-02-28,28.4,4.8,28.0,1.0
1903-01-31,13.9,3.5,31.0,1.0
1902-12-31,1.8,2.2,31.0,1.0
1902-11-30,17.2,4.0,30.0,1.0
1902-10-31,27.2,4.7,31.0,1.0
1902-09-30,12.6,3.5,30.0,1.0
1902-08-31,3.8,2.4,31.0,1.0
1902-07-31,1.5,2.2,31.0,1.0
1902-06-30,2.4,2.3,30.0,1.0
1902-05-31,4.7,2.5,31.0,1.0
1902-04-30,0.0,2.0,30.0,1.0
1902-03-31,20.7,4.3,31.0,1.0
1902-02-28,0.0,2.0,28.0,1.0
1902-01-31,9.3,3.2,31.0,1.0
1901-12-31,0.0,2.0,31.0,1.0
1901-11-30,6.4,2.7,30.0,1.0
1901-10-31,6.3,2.8,31.0,1.0
1901-09-30,0.9,2.1,30.0,1.0
1901-08-31,1.7,2.2,31.0,1.0
1901-07-31,1.2,2.1,31.0,1.0
1901-06-30,9.7,3.1,30.0,1.0
1901-05-31,17.0,4.0,31.0,1.0
1901-04-30,0.0,2.0,30.0,1.0
1901-03-31,7.4,3.0,31.0,1.0
1901-02-28,4.0,2.4,28.0,1.0
1901-01-31,0.4,2.0,31.0,1.0
1900-12-31,0.5,2.0,31.0,1.0
1900-11-30,7.5,2.9,30.0,1.0
1900-10-31,21.6,4.3,31.0,1.0
1900-09-30,13.9,3.6,30.0,1.0
1900-08-31,7.1,2.9,31.0,1.0
1900-07-31,13.9,3.6,31.0,1.0
1900-06-30,20.1,4.2,30.0,1.0
1900-05-31,25.3,4.6,31.0,1.0
1900-04-30,26.8,4.6,30.0,1.0
1900-03-31,14.4,3.6,31.0,1.0
1900-02-28,22.8,4.5,28.0,1.0
1900-01-31,15.7,3.7,31.0,1.0
1899-12-31,17.6,3.9,31.0,1.0
1899-11-30,13.0,3.4,30.0,1.0
1899-10-31,21.7,4.4,31.0,1.0
1899-09-30,14.0,3.5,30.0,1.0
1899-08-31,4.9,2.6,31.0,1.0
1899-07-31,22.5,4.4,31.0,1.0
1899-06-30,34.1,5.2,30.0,1.0
1899-05-31,12.9,3.3,31.0,1.0
1899-04-30,23.6,4.4,30.0,1.0
1899-03-31,30.3,5.0,31.0,1.0
1899-02-28,15.3,3.7,28.0,1.0
1899-01-31,32.4,5.1,31.0,1.0
1898-12-31,21.1,4.2,31.0,1.0
1898-11-30,51.6,6.4,30.0,1.0
1898-10-31,57.1,6.8,31.0,1.0
1898-09-30,58.1,6.8,30.0,1.0
1898-08-31,52.3,6.5,31.0,1.0
1898-07-31,15.0,3.7,31.0,1.0
1898-06-30,37.1,5.4,30.0,1.0
1898-05-31,43.0,5.9,31.0,1.0
1898-04-30,24.2,4.5,30.0,1.0
1898-03-31,63.9,7.2,31.0,1.0
1898-02-28,60.7,7.0,28.0,1.0
1898-01-31,50.4,6.3,31.0,1.0
1897-12-31,55.5,6.7,31.0,1.0
1897-11-30,14.0,3.5,30.0,1.0
1897-10-31,23.9,4.5,31.0,1.0
1897-09-30,80.4,8.0,30.0,1.0
1897-08-31,36.4,5.4,31.0,1.0
1897-07-31,46.1,6.1,31.0,1.0
1897-06-30,18.9,4.0,30.0,1.0
1897-05-31,33.3,5.2,31.0,1.0
1897-04-30,51.7,6.4,30.0,1.0
1897-03-31,48.7,6.2,31.0,1.0
1897-02-28,49.0,6.2,28.0,1.0
1897-01-31,67.6,7.3,31.0,1.0
1896-12-31,71.0,7.5,31.0,1.0
1896-11-30,63.3,7.1,30.0,1.0
1896-10-31,47.9,6.2,31.0,1.0
1896-09-30,102.2,9.0,30.0,1.0
1896-08-31,45.4,6.0,31.0,1.0
1896-07-31,75.2,7.7,31.0,1.0
1896-06-30,81.7,8.1,30.0,1.0
1896-05-31,46.1,6.1,31.0,1.0
1896-04-30,73.0,7.6,30.0,1.0
1896-03-31,86.5,8.3,31.0,1.0
1896-02-29,95.7,8.7,29.0,1.0
1896-01-31,48.4,6.2,31.0,1.0
1895-12-31,117.9,9.7,31.0,1.0
1895-11-30,78.6,7.9,30.0,1.0
1895-10-31,113.2,9.5,31.0,1.0
1895-09-30,96.1,8.8,30.0,1.0
1895-08-31,114.9,9.6,31.0,1.0
1895-07-31,79.7,8.0,31.0,1.0
1895-06-30,119.1,9.7,30.0,1.0
1895-05-31,112.5,9.4,31.0,1.0
1895-04-30,128.2,10.1,30.0,1.0
1895-03-31,101.6,9.0,31.0,1.0
1895-02-28,112.0,9.4,28.0,1.0
1895-01-31,105.4,9.2,31.0,1.0
1894-12-31,100.1,8.9,31.0,1.0
1894-11-30,94.3,8.7,30.0,1.0
1894-10-31,125.7,10.0,31.0,1.0
1894-09-30,110.0,9.4,30.0,1.0
1894-08-31,117.1,9.6,31.0,1.0
1894-07-31,176.7,11.9,31.0,1.0
1894-06-30,164.8,11.5,30.0,1.0
1894-05-31,168.7,11.6,31.0,1.0
1894-04-30,136.0,10.4,30.0,1.0
1894-03-31,87.1,8.3,31.0,1.0
1894-02-28,141.0,10.6,28.0,1.0
1894-01-31,138.6,10.5,31.0,1.0
1893-12-31,156.4,11.2,31.0,1.0
1893-11-30,125.2,10.0,30.0,1.0
1893-10-31,133.3,10.3,31.0,1.0
1893-09-30,129.9,10.2,30.0,1.0
1893-08-31,215.4,13.1,31.0,1.0
1893-07-31,147.6,10.9,31.0,1.0
1893-06-30,149.8,10.9,30.0,1.0
1893-05-31,141.3,10.6,31.0,1.0
1893-04-30,146.8,10.8,30.0,1.0
1893-03-31,109.5,9.3,31.0,1.0
1893-02-28,121.6,9.8,28.0,1.0
1893-01-31,125.0,10.0,31.0,1.0
1892-12-31,131.0,12.9,31.0,1.0
1892-11-30,108.9,11.7,30.0,1.0
1892-10-31,117.5,12.2,31.0,1.0
1892-09-30,104.7,11.5,30.0,1.0
1892-08-31,169.0,14.6,31.0,1.0
1892-07-31,127.6,12.7,31.0,1.0
1892-06-30,127.3,12.7,30.0,1.0
1892-05-31,132.7,12.9,31.0,1.0
1892-04-30,116.0,12.1,30.0,1.0
1892-03-31,83.3,10.3,31.0,1.0
1892-02-29,126.1,12.6,29.0,1.0
1892-01-31,115.2,12.1,31.0,1.0
1891-12-31,54.3,8.3,31.0,1.0
1891-11-30,69.8,9.4,30.0,1.0
1891-10-31,86.0,10.4,31.0,1.0
1891-09-30,89.7,10.7,30.0,1.0
1891-08-31,55.1,8.3,31.0,1.0
1891-07-31,98.0,11.1,31.0,1.0
1891-06-30,80.4,10.1,30.0,1.0
1891-05-31,68.5,9.3,31.0,1.0
1891-04-30,34.2,6.6,30.0,1.0
1891-03-31,17.2,4.7,31.0,1.0
1891-02-28,36.9,6.9,28.0,1.0
1891-01-31,22.5,5.5,31.0,1.0
1890-12-31,13.1,4.2,31.0,1.0
1890-11-30,15.9,4.7,30.0,1.0
1890-10-31,18.6,5.0,31.0,1.0
1890-09-30,28.6,6.0,30.0,1.0
1890-08-31,14.2,4.4,31.0,1.0
1890-07-31,19.3,5.1,31.0,1.0
1890-06-30,2.2,2.4,30.0,1.0
1890-05-31,7.9,3.5,31.0,1.0
1890-04-30,2.7,2.5,30.0,1.0
1890-03-31,8.5,3.6,31.0,1.0
1890-02-28,1.1,2.2,28.0,1.0
1890-01-31,8.8,3.6,31.0,1.0
1889-12-31,11.2,4.1,31.0,1.0
1889-11-30,0.3,2.0,30.0,1.0
1889-10-31,3.4,2.6,31.0,1.0
1889-09-30,10.9,3.9,30.0,1.0
1889-08-31,34.3,6.7,31.0,1.0
1889-07-31,15.8,4.6,31.0,1.0
1889-06-30,10.8,4.0,30.0,1.0
1889-05-31,4.0,2.8,31.0,1.0
1889-04-30,7.3,3.4,30.0,1.0
1889-03-31,11.1,4.0,31.0,1.0
1889-02-28,14.2,4.5,28.0,1.0
1889-01-31,1.3,2.3,31.0,1.0
1888-12-31,11.1,3.9,31.0,1.0
1888-11-30,17.9,4.8,30.0,1.0
1888-10-31,3.4,2.7,31.0,1.0
1888-09-30,14.6,4.4,30.0,1.0
1888-08-31,4.6,2.9,31.0,1.0
1888-07-31,5.0,2.9,31.0,1.0
1888-06-30,11.8,4.0,30.0,1.0
1888-05-31,11.7,4.1,31.0,1.0
1888-04-30,8.5,3.5,30.0,1.0
1888-03-31,13.1,4.3,31.0,1.0
1888-02-29,11.8,4.1,29.0,1.0
1888-01-31,21.2,5.3,31.0,1.0
1887-12-31,34.5,6.6,31.0,1.0
1887-11-30,11.5,4.0,30.0,1.0
1887-10-31,11.0,3.9,31.0,1.0
1887-09-30,12.4,4.2,30.0,1.0
1887-08-31,35.7,6.8,31.0,1.0
1887-07-31,38.9,7.0,31.0,1.0
1887-06-30,26.1,5.7,30.0,1.0
1887-05-31,33.4,6.5,31.0,1.0
1887-04-30,11.6,4.0,30.0,1.0
1887-03-31,7.1,3.3,31.0,1.0
1887-02-28,22.0,5.4,28.0,1.0
1887-01-31,17.0,4.8,31.0,1.0
1886-12-31,21.7,5.3,31.0,1.0
1886-11-30,0.6,2.1,30.0,1.0
1886-10-31,14.4,4.3,31.0,1.0
1886-09-30,35.7,6.8,30.0,1.0
1886-08-31,28.1,6.0,31.0,1.0
1886-07-31,50.4,8.0,31.0,1.0
1886-06-30,45.3,7.6,30.0,1.0
1886-05-31,51.2,8.0,31.0,1.0
1886-04-30,72.9,9.6,30.0,1.0
1886-03-31,95.5,11.0,31.0,1.0
1886-02-28,43.2,7.4,28.0,1.0
1886-01-31,49.8,8.0,31.0,1.0
1885-12-31,36.3,6.8,31.0,1.0
1885-11-30,51.6,8.1,30.0,1.0
1885-10-31,64.5,9.1,31.0,1.0
1885-09-30,66.0,9.1,30.0,1.0
1885-08-31,83.5,10.3,31.0,1.0
1885-07-31,110.9,11.8,31.0,1.0
1885-06-30,139.5,13.3,30.0,1.0
1885-05-31,121.6,12.4,31.0,1.0
1885-04-30,91.7,10.8,30.0,1.0
1885-03-31,82.9,10.2,31.0,1.0
1885-02-28,119.7,12.3,28.0,1.0
1885-01-31,71.4,9.5,31.0,1.0
1884-12-31,78.6,10.0,31.0,1.0
1884-11-30,60.9,8.8,30.0,1.0
1884-10-31,79.6,10.0,31.0,1.0
1884-09-30,103.1,11.4,30.0,1.0
1884-08-31,93.1,10.8,31.0,1.0
1884-07-31,88.5,10.6,31.0,1.0
1884-06-30,85.3,10.4,30.0,1.0
1884-05-31,110.9,11.8,31.0,1.0
1884-04-30,126.9,12.7,30.0,1.0
1884-03-31,145.8,13.6,31.0,1.0
1884-02-29,144.8,13.5,29.0,1.0
1884-01-31,152.6,13.9,31.0,1.0
1883-12-31,126.5,12.6,31.0,1.0
1883-11-30,140.8,13.3,30.0,1.0
1883-10-31,139.6,13.3,31.0,1.0
1883-09-30,87.8,10.5,30.0,1.0
1883-08-31,76.6,9.8,31.0,1.0
1883-07-31,134.4,13.0,31.0,1.0
1883-06-30,127.2,12.7,30.0,1.0
1883-05-31,52.5,8.1,31.0,1.0
1883-04-30,136.8,13.1,30.0,1.0
1883-03-31,71.3,9.5,31.0,1.0
1883-02-28,78.2,10.0,28.0,1.0
1883-01-31,101.0,11.3,31.0,1.0
1882-12-31,69.7,9.4,31.0,1.0
1882-11-30,140.6,13.3,30.0,1.0
1882-10-31,98.6,11.2,31.0,1.0
1882-09-30,96.1,11.0,30.0,1.0
1882-08-31,67.5,9.2,31.0,1.0
1882-07-31,75.7,9.8,31.0,1.0
1882-06-30,75.4,9.8,30.0,1.0
1882-05-31,106.9,11.6,31.0,1.0
1882-04-30,159.6,14.2,30.0,1.0
1882-03-31,111.5,11.8,31.0,1.0
1882-02-28,115.9,12.1,28.0,1.0
1882-01-31,75.0,9.7,31.0,1.0
1881-12-31,78.8,10.0,31.0,1.0
1881-11-30,91.5,10.7,30.0,1.0
1881-10-31,107.3,11.6,31.0,1.0
1881-09-30,88.6,10.6,30.0,1.0
1881-08-31,97.3,11.1,31.0,1.0
1881-07-31,128.2,12.7,31.0,1.0
1881-06-30,100.8,11.3,30.0,1.0
1881-05-31,72.5,9.6,31.0,1.0
1881-04-30,86.1,10.4,30.0,1.0
1881-03-31,85.8,10.4,31.0,1.0
1881-02-28,88.6,10.6,28.0,1.0
1881-01-31,60.6,8.7,31.0,1.0
1880-12-31,49.4,7.9,31.0,1.0
1880-11-30,51.1,8.1,30.0,1.0
1880-10-31,71.7,9.5,31.0,1.0
1880-09-30,110.1,11.8,30.0,1.0
1880-08-31,80.3,10.1,31.0,1.0
1880-07-31,36.5,6.8,31.0,1.0
1880-06-30,56.9,8.5,30.0,1.0
1880-05-31,39.1,7.1,31.0,1.0
1880-04-30,32.4,6.4,30.0,1.0
1880-03-31,32.1,6.4,31.0,1.0
1880-02-29,45.4,7.6,29.0,1.0
1880-01-31,40.1,7.2,31.0,1.0
1879-12-31,12.2,4.1,31.0,1.0
1879-11-30,21.9,5.4,30.0,1.0
1879-10-31,20.4,5.2,31.0,1.0
1879-09-30,10.1,3.8,30.0,1.0
1879-08-31,17.9,5.0,31.0,1.0
1879-07-31,12.6,4.2,31.0,1.0
1879-06-30,8.0,3.6,30.0,1.0
1879-05-31,4.0,2.8,31.0,1.0
1879-04-30,10.4,3.9,30.0,1.0
1879-03-31,0.0,2.0,31.0,1.0
1879-02-28,0.9,2.2,28.0,1.0
1879-01-31,1.6,2.3,31.0,1.0
1878-12-31,0.9,2.2,31.0,1.0
1878-11-30,6.8,3.3,30.0,1.0
1878-10-31,1.9,2.4,31.0,1.0
1878-09-30,8.8,3.7,30.0,1.0
1878-08-31,0.0,2.0,31.0,1.0
1878-07-31,0.2,2.0,31.0,1.0
1878-06-30,10.7,4.0,30.0,1.0
1878-05-31,9.9,3.9,31.0,1.0
1878-04-30,0.2,2.0,30.0,1.0
1878-03-31,13.1,4.3,31.0,1.0
1878-02-28,11.0,4.1,28.0,1.0
1878-01-31,5.5,3.1,31.0,1.0
1877-12-31,3.5,2.7,31.0,1.0
1877-11-30,23.6,5.6,30.0,1.0
1877-10-31,11.2,4.1,31.0,1.0
1877-09-30,28.1,6.0,30.0,1.0
1877-08-31,10.5,3.9,31.0,1.0
1877-07-31,10.0,3.8,31.0,1.0
1877-06-30,23.6,5.5,30.0,1.0
1877-05-31,36.1,6.8,31.0,1.0
1877-04-30,26.3,5.9,30.0,1.0
1877-03-31,19.9,5.2,31.0,1.0
1877-02-28,14.5,4.4,28.0,1.0
1877-01-31,40.6,7.2,31.0,1.0
1876-12-31,13.6,4.4,31.0,1.0
1876-11-30,16.6,4.8,30.0,1.0
1876-10-31,23.9,5.6,31.0,1.0
1876-09-30,16.6,4.8,30.0,1.0
1876-08-31,14.8,4.5,31.0,1.0
1876-07-31,25.5,5.8,31.0,1.0
1876-06-30,2.7,2.6,30.0,1.0
1876-05-31,8.5,3.7,31.0,1.0
1876-04-30,3.9,2.9,30.0,1.0
1876-03-31,51.1,8.1,31.0,1.0
1876-02-29,25.1,5.7,29.0,1.0
1876-01-31,23.9,5.7,31.0,1.0
1875-12-31,16.5,4.8,31.0,1.0
1875-11-30,29.6,6.3,30.0,1.0
1875-10-31,21.3,5.3,31.0,1.0
1875-09-30,4.0,2.9,30.0,1.0
1875-08-31,24.4,5.7,31.0,1.0
1875-07-31,20.9,5.3,31.0,1.0
1875-06-30,39.9,7.1,30.0,1.0
1875-05-31,19.2,5.1,31.0,1.0
1875-04-30,48.6,7.8,30.0,1.0
1875-03-31,56.4,8.4,31.0,1.0
1875-02-28,35.9,6.8,28.0,1.0
1875-01-31,24.4,5.7,31.0,1.0
1874-12-31,48.8,7.9,31.0,1.0
1874-11-30,48.2,7.8,30.0,1.0
1874-10-31,57.4,8.5,31.0,1.0
1874-09-30,46.8,7.7,30.0,1.0
1874-08-31,102.3,11.3,31.0,1.0
1874-07-31,113.2,11.9,31.0,1.0
1874-06-30,63.8,9.0,30.0,1.0
1874-05-31,74.6,9.7,31.0,1.0
1874-04-30,53.5,8.2,30.0,1.0
1874-03-31,77.5,9.9,31.0,1.0
1874-02-28,107.1,11.6,28.0,1.0
1874-01-31,101.4,11.3,31.0,1.0
1873-12-31,82.0,10.2,31.0,1.0
1873-11-30,92.5,10.8,30.0,1.0
1873-10-31,78.6,10.0,31.0,1.0
1873-09-30,78.7,10.0,30.0,1.0
1873-08-31,113.8,12.0,31.0,1.0
1873-07-31,111.7,11.9,31.0,1.0
1873-06-30,74.8,9.8,30.0,1.0
1873-05-31,80.0,10.1,31.0,1.0
1873-04-30,127.1,12.7,30.0,1.0
1873-03-31,164.0,14.4,31.0,1.0
1873-02-28,178.4,15.0,28.0,1.0
1873-01-31,144.6,13.5,31.0,1.0
1872-12-31,139.9,13.3,31.0,1.0
1872-11-30,186.8,15.3,30.0,1.0
1872-10-31,171.2,14.7,31.0,1.0
1872-09-30,191.1,15.5,30.0,1.0
1872-08-31,155.0,14.0,31.0,1.0
1872-07-31,176.0,14.9,31.0,1.0
1872-06-30,183.3,15.2,30.0,1.0
1872-05-31,179.5,15.0,31.0,1.0
1872-04-30,170.4,14.7,30.0,1.0
1872-03-31,147.5,13.6,31.0,1.0
1872-02-29,200.3,15.9,29.0,1.0
1872-01-31,132.7,12.9,31.0,1.0
1871-12-31,150.8,13.8,31.0,1.0
1871-11-30,175.7,14.9,30.0,1.0
1871-10-31,148.5,13.7,31.0,1.0
1871-09-30,133.9,13.0,30.0,1.0
1871-08-31,183.7,15.2,31.0,1.0
1871-07-31,171.8,14.7,31.0,1.0
1871-06-30,152.9,13.9,30.0,1.0
1871-05-31,242.6,17.5,31.0,1.0
1871-04-30,270.9,18.5,30.0,1.0
1871-03-31,238.7,17.4,31.0,1.0
1871-02-28,209.0,16.2,28.0,1.0
1871-01-31,147.2,13.6,31.0,1.0
1870-12-31,216.7,16.5,31.0,1.0
1870-11-30,246.0,17.6,30.0,1.0
1870-10-31,244.3,17.5,31.0,1.0
1870-09-30,226.8,16.9,30.0,1.0
1870-08-31,256.5,18.0,31.0,1.0
1870-07-31,220.9,16.7,31.0,1.0
1870-06-30,226.3,16.9,30.0,1.0
1870-05-31,293.6,19.2,31.0,1.0
1870-04-30,266.9,18.3,30.0,1.0
1870-03-31,262.7,18.2,31.0,1.0
1870-02-28,191.7,15.5,28.0,1.0
1870-01-31,129.0,12.7,31.0,1.0
1869-12-31,174.1,14.8,31.0,1.0
1869-11-30,130.2,12.8,30.0,1.0
1869-10-31,99.0,11.2,31.0,1.0
1869-09-30,134.5,13.0,30.0,1.0
1869-08-31,132.7,12.9,31.0,1.0
1869-07-31,98.8,11.2,31.0,1.0
1869-06-30,180.7,15.1,30.0,1.0
1869-05-31,173.4,14.8,31.0,1.0
1869-04-30,68.4,9.3,30.0,1.0
1869-03-31,88.0,10.5,31.0,1.0
1869-02-28,99.9,11.2,28.0,1.0
1869-01-31,101.6,11.3,31.0,1.0
1868-12-31,112.8,11.9,31.0,1.0
1868-11-30,98.7,11.2,30.0,1.0
1868-10-31,102.8,11.4,31.0,1.0
1868-09-30,78.7,10.0,30.0,1.0
1868-08-31,57.3,8.5,31.0,1.0
1868-07-31,48.3,7.9,31.0,1.0
1868-06-30,51.8,8.1,30.0,1.0
1868-05-31,44.5,7.5,31.0,1.0
1868-04-30,61.1,8.8,30.0,1.0
1868-03-31,44.0,7.5,31.0,1.0
1868-02-29,26.3,5.8,29.0,1.0
1868-01-31,25.9,5.9,31.0,1.0
1867-12-31,47.9,8.4,31.0,1.0
1867-11-30,18.1,5.1,30.0,1.0
1867-10-31,25.5,6.1,31.0,1.0
1867-09-30,18.7,5.2,30.0,1.0
1867-08-31,9.1,3.6,31.0,1.0
1867-07-31,9.5,3.7,31.0,1.0
1867-06-30,2.8,2.0,30.0,1.0
1867-05-31,5.5,2.8,31.0,1.0
1867-04-30,9.7,3.7,30.0,1.0
1867-03-31,17.4,5.0,31.0,1.0
1867-02-28,1.4,1.4,28.0,1.0
1867-01-31,0.0,0.0,31.0,1.0
1866-12-31,2.9,2.0,31.0,1.0
1866-11-30,17.2,5.0,30.0,1.0
1866-10-31,26.8,6.2,31.0,1.0
1866-09-30,13.9,4.5,30.0,1.0
1866-08-31,24.2,5.9,31.0,1.0
1866-07-31,17.6,5.0,31.0,1.0
1866-06-30,31.4,6.7,30.0,1.0
1866-05-31,24.6,6.0,31.0,1.0
1866-04-30,33.5,7.0,30.0,1.0
1866-03-31,46.6,8.2,31.0,1.0
1866-02-28,72.9,10.4,28.0,1.0
1866-01-31,60.0,9.4,31.0,1.0
1865-12-31,24.3,5.9,31.0,1.0
1865-11-30,46.7,8.2,30.0,1.0
1865-10-31,32.5,6.9,31.0,1.0
1865-09-30,41.0,7.7,30.0,1.0
1865-08-31,71.8,10.3,31.0,1.0
1865-07-31,50.8,8.6,31.0,1.0
1865-06-30,63.8,9.7,30.0,1.0
1865-05-31,65.6,9.8,31.0,1.0
1865-04-30,55.9,9.0,30.0,1.0
1865-03-31,75.0,10.5,31.0,1.0
1865-02-28,74.6,10.5,28.0,1.0
1865-01-31,92.5,11.7,31.0,1.0
1864-12-31,54.3,8.9,31.0,1.0
1864-11-30,109.3,12.7,30.0,1.0
1864-10-31,64.4,9.7,31.0,1.0
1864-09-30,54.2,8.9,30.0,1.0
1864-08-31,104.1,12.5,31.0,1.0
1864-07-31,103.8,12.4,31.0,1.0
1864-06-30,109.9,12.8,30.0,1.0
1864-05-31,77.1,10.6,31.0,1.0
1864-04-30,68.1,10.0,30.0,1.0
1864-03-31,125.9,13.6,31.0,1.0
1864-02-29,89.5,11.5,29.0,1.0
1864-01-31,109.7,12.7,31.0,1.0
1863-12-31,78.1,10.7,31.0,1.0
1863-11-30,71.6,10.2,30.0,1.0
1863-10-31,75.7,10.5,31.0,1.0
1863-09-30,41.7,7.8,30.0,1.0
1863-08-31,91.3,11.6,31.0,1.0
1863-07-31,62.0,9.5,31.0,1.0
1863-06-30,77.6,10.7,30.0,1.0
1863-05-31,102.1,12.2,31.0,1.0
1863-04-30,77.1,10.6,30.0,1.0
1863-03-31,126.0,13.6,31.0,1.0
1863-02-28,107.7,12.6,28.0,1.0
1863-01-31,91.8,11.6,31.0,1.0
1862-12-31,77.6,10.7,31.0,1.0
1862-11-30,96.0,11.9,30.0,1.0
1862-10-31,79.8,10.8,31.0,1.0
1862-09-30,126.4,13.7,30.0,1.0
1862-08-31,118.7,13.2,31.0,1.0
1862-07-31,139.5,14.4,31.0,1.0
1862-06-30,159.7,15.4,30.0,1.0
1862-05-31,122.4,13.4,31.0,1.0
1862-04-30,102.1,12.2,30.0,1.0
1862-03-31,82.7,11.0,31.0,1.0
1862-02-28,122.4,13.5,28.0,1.0
1862-01-31,119.9,13.3,31.0,1.0
1861-12-31,152.8,15.1,31.0,1.0
1861-11-30,102.0,12.3,30.0,1.0
1861-10-31,127.7,13.8,31.0,1.0
1861-09-30,151.9,15.0,30.0,1.0
1861-08-31,156.7,15.3,31.0,1.0
1861-07-31,148.2,14.8,31.0,1.0
1861-06-30,167.5,15.8,30.0,1.0
1861-05-31,107.8,12.6,31.0,1.0
1861-04-30,187.1,16.8,30.0,1.0
1861-03-31,192.0,17.0,31.0,1.0
1861-02-28,147.5,14.8,28.0,1.0
1861-01-31,118.5,13.2,31.0,1.0
1860-12-31,181.7,16.5,31.0,1.0
1860-11-30,186.0,16.7,30.0,1.0
1860-10-31,171.1,16.0,31.0,1.0
1860-09-30,175.2,16.2,30.0,1.0
1860-08-31,190.5,16.9,31.0,1.0
1860-07-31,221.9,18.3,31.0,1.0
1860-06-30,206.3,17.7,30.0,1.0
1860-05-31,203.5,17.5,31.0,1.0
1860-04-30,135.7,14.2,30.0,1.0
1860-03-31,188.0,16.8,31.0,1.0
1860-02-29,167.9,15.9,29.0,1.0
1860-01-31,156.6,15.3,31.0,1.0
1859-12-31,153.9,15.1,31.0,1.0
1859-11-30,184.6,16.6,30.0,1.0
1859-10-31,217.8,18.1,31.0,1.0
1859-09-30,200.9,17.4,30.0,1.0
1859-08-31,203.0,17.5,31.0,1.0
1859-07-31,180.7,16.5,31.0,1.0
1859-06-30,165.2,15.7,30.0,1.0
1859-05-31,172.8,16.1,31.0,1.0
1859-04-30,162.9,15.6,30.0,1.0
1859-03-31,171.5,16.0,31.0,1.0
1859-02-28,166.4,15.8,28.0,1.0
1859-01-31,159.0,15.4,31.0,1.0
1858-12-31,127.0,13.7,31.0,1.0
1858-11-30,98.6,12.1,30.0,1.0
1858-10-31,173.2,16.1,31.0,1.0
1858-09-30,152.2,15.1,30.0,1.0
1858-08-31,104.9,12.5,31.0,1.0
1858-07-31,107.7,12.6,31.0,1.0
1858-06-30,84.5,11.1,30.0,1.0
1858-05-31,78.6,10.7,31.0,1.0
1858-04-30,72.8,10.3,30.0,1.0
1858-03-31,109.2,12.7,31.0,1.0
1858-02-28,66.3,9.9,28.0,1.0
1858-01-31,74.2,10.4,31.0,1.0
1857-12-31,70.7,10.2,31.0,1.0
1857-11-30,59.6,9.3,30.0,1.0
1857-10-31,77.1,10.6,31.0,1.0
1857-09-30,80.6,10.9,30.0,1.0
1857-08-31,32.0,6.8,31.0,1.0
1857-07-31,42.2,7.8,31.0,1.0
1857-06-30,30.5,6.6,30.0,1.0
1857-05-31,54.2,8.9,31.0,1.0
1857-04-30,21.1,5.5,30.0,1.0
1857-03-31,10.0,3.8,31.0,1.0
1857-02-28,14.2,4.5,28.0,1.0
1857-01-31,26.0,6.1,31.0,1.0
1856-12-31,13.7,4.4,31.0,1.0
1856-11-30,14.7,4.6,30.0,1.0
1856-10-31,8.5,3.5,31.0,1.0
1856-09-30,8.4,3.5,30.0,1.0
1856-08-31,11.3,4.0,31.0,1.0
1856-07-31,8.8,3.6,31.0,1.0
1856-06-30,9.8,3.8,30.0,1.0
1856-05-31,0.0,0.0,31.0,1.0
1856-04-30,12.4,4.2,30.0,1.0
1856-03-31,0.7,1.0,31.0,1.0
1856-02-29,9.3,3.7,29.0,1.0
1856-01-31,1.0,1.2,31.0,1.0
1855-12-31,5.8,2.9,31.0,1.0
1855-11-30,7.9,3.4,30.0,1.0
1855-10-31,18.3,5.1,31.0,1.0
1855-09-30,0.0,0.0,30.0,1.0
1855-08-31,5.9,2.9,31.0,1.0
1855-07-31,0.7,1.0,31.0,1.0
1855-06-30,10.0,3.8,30.0,1.0
1855-05-31,17.3,5.0,31.0,1.0
1855-04-30,8.4,3.5,30.0,1.0
1855-03-31,33.0,6.9,31.0,1.0
1855-02-28,21.6,5.6,28.0,1.0
1855-01-31,23.4,5.8,31.0,1.0
1854-12-31,41.1,7.7,31.0,1.0
1854-11-30,53.5,8.8,30.0,1.0
1854-10-31,24.1,5.9,31.0,1.0
1854-09-30,42.6,7.9,30.0,1.0
1854-08-31,30.1,6.6,31.0,1.0
1854-07-31,35.5,7.2,31.0,1.0
1854-06-30,40.1,7.6,30.0,1.0
1854-05-31,45.6,8.2,31.0,1.0
1854-04-30,50.3,8.6,30.0,1.0
1854-03-31,39.4,7.6,31.0,1.0
1854-02-28,38.0,7.4,28.0,1.0
1854-01-31,29.3,6.5,31.0,1.0
1853-12-31,44.5,8.0,31.0,1.0
1853-11-30,54.7,8.9,30.0,1.0
1853-10-31,80.5,10.9,31.0,1.0
1853-09-30,63.7,9.7,30.0,1.0
1853-08-31,95.8,11.9,31.0,1.0
1853-07-31,87.2,11.3,31.0,1.0
1853-06-30,76.0,10.6,30.0,1.0
1853-05-31,65.9,9.8,31.0,1.0
1853-04-30,90.4,11.5,30.0,1.0
1853-03-31,71.6,10.2,31.0,1.0
1853-02-28,81.5,10.9,28.0,1.0
1853-01-31,77.9,10.7,31.0,1.0
1852-12-31,86.1,11.3,31.0,1.0
1852-11-30,103.1,12.3,30.0,1.0
1852-10-31,127.9,13.8,31.0,1.0
1852-09-30,71.2,10.2,30.0,1.0
1852-08-31,75.3,10.5,31.0,1.0
1852-07-31,80.0,10.8,31.0,1.0
1852-06-30,89.0,11.4,30.0,1.0
1852-05-31,104.3,12.4,31.0,1.0
1852-04-30,124.3,13.6,30.0,1.0
1852-03-31,116.2,13.1,31.0,1.0
1852-02-29,126.2,13.7,29.0,1.0
1852-01-31,129.9,13.9,31.0,1.0
1851-12-31,135.5,14.2,31.0,1.0
1851-11-30,96.8,11.9,30.0,1.0
1851-10-31,118.7,13.3,31.0,1.0
1851-09-30,128.9,13.8,30.0,1.0
1851-08-31,109.0,12.7,31.0,1.0
1851-07-31,68.6,10.0,31.0,1.0
1851-06-30,120.0,13.3,30.0,1.0
1851-05-31,118.9,13.3,31.0,1.0
1851-04-30,107.3,12.6,30.0,1.0
1851-03-31,122.8,13.5,31.0,1.0
1851-02-28,200.1,17.3,28.0,1.0
1851-01-31,143.5,14.7,31.0,1.0
1850-12-31,115.9,13.1,31.0,1.0
1850-11-30,104.1,12.4,30.0,1.0
1850-10-31,134.9,14.1,31.0,1.0
1850-09-30,163.7,15.6,30.0,1.0
1850-08-31,117.0,13.1,31.0,1.0
1850-07-31,74.3,10.5,31.0,1.0
1850-06-30,133.0,14.1,30.0,1.0
1850-05-31,117.0,13.1,31.0,1.0
1850-04-30,83.8,11.1,30.0,1.0
1850-03-31,156.8,15.3,31.0,1.0
1850-02-28,169.8,15.9,28.0,1.0
1850-01-31,148.2,14.9,31.0,1.0
1849-12-31,184.3,16.6,31.0,1.0
1849-11-30,188.2,16.8,30.0,1.0
1849-10-31,135.7,14.2,31.0,1.0
1849-09-30,178.0,16.3,30.0,1.0
1849-08-31,128.6,13.8,31.0,1.0
1849-07-31,148.2,14.9,31.0,1.0
1849-06-30,154.2,15.2,30.0,1.0
1849-05-31,153.2,15.1,31.0,1.0
1849-04-30,194.7,17.1,30.0,1.0
1849-03-31,182.7,16.6,31.0,1.0
1849-02-28,250.3,19.5,28.0,1.0
1849-01-31,298.3,21.4,31.0,1.0
1848-12-31,265.8,20.7,24.0,1.0
1848-11-30,191.0,17.5,16.0,1.0
1848-10-31,220.6,18.8,13.0,1.0
1848-09-30,167.3,16.4,20.0,1.0
1848-08-31,220.9,18.8,21.0,1.0
1848-07-31,232.0,19.3,27.0,1.0
1848-06-30,214.9,18.6,24.0,1.0
1848-05-31,170.5,16.5,27.0,1.0
1848-04-30,178.6,16.9,18.0,1.0
1848-03-31,181.2,17.1,17.0,1.0
1848-02-29,186.4,17.3,13.0,1.0
1848-01-31,265.2,20.6,14.0,1.0
1847-12-31,182.6,17.1,14.0,1.0
1847-11-30,231.5,19.3,20.0,1.0
1847-10-31,300.6,22.0,19.0,1.0
1847-09-30,268.2,20.7,15.0,1.0
1847-08-31,234.3,19.4,28.0,1.0
1847-07-31,87.1,11.8,25.0,1.0
1847-06-30,142.2,15.1,25.0,1.0
1847-05-31,125.7,14.2,26.0,1.0
1847-04-30,74.6,10.9,20.0,1.0
1847-03-31,143.0,15.1,19.0,1.0
1847-02-28,74.9,10.9,10.0,1.0
1847-01-31,104.4,12.9,11.0,1.0
1846-12-31,109.1,13.2,10.0,1.0
1846-11-30,100.6,12.7,16.0,1.0
1846-10-31,93.4,12.2,16.0,1.0
1846-09-30,178.6,16.9,23.0,1.0
1846-08-31,91.3,12.1,26.0,1.0
1846-07-31,77.5,11.1,26.0,1.0
1846-06-30,108.4,13.2,28.0,1.0
1846-05-31,99.9,12.7,21.0,1.0
1846-04-30,115.5,13.6,19.0,1.0
1846-03-31,106.5,13.1,22.0,1.0
1846-02-28,84.9,11.7,21.0,1.0
1846-01-31,64.6,10.2,19.0,1.0
1845-12-31,99.5,12.6,13.0,1.0
1845-11-30,65.7,10.3,23.0,1.0
1845-10-31,67.8,10.4,19.0,1.0
1845-09-30,49.3,9.0,26.0,1.0
1845-08-31,53.9,9.3,27.0,1.0
1845-07-31,51.0,9.1,24.0,1.0
1845-06-30,51.8,9.2,25.0,1.0
1845-05-31,79.7,11.3,27.0,1.0
1845-04-30,95.0,12.3,25.0,1.0
1845-03-31,72.1,10.8,22.0,1.0
1845-02-28,72.8,10.8,17.0,1.0
1845-01-31,42.8,8.3,17.0,1.0
1844-12-31,36.0,7.6,20.0,1.0
1844-11-30,17.9,5.6,16.0,1.0
1844-10-31,35.9,7.7,25.0,1.0
1844-09-30,11.6,4.7,27.0,1.0
1844-08-31,39.7,8.1,28.0,1.0
1844-07-31,35.2,7.6,29.0,1.0
1844-06-30,6.2,3.6,29.0,1.0
1844-05-31,19.2,5.7,25.0,1.0
1844-04-30,34.6,7.5,28.0,1.0
1844-03-31,22.5,6.1,21.0,1.0
1844-02-29,24.5,6.4,22.0,1.0
1844-01-31,15.7,5.2,24.0,1.0
1843-12-31,21.2,6.0,16.0,1.0
1843-11-30,31.7,7.2,27.0,1.0
1843-10-31,8.9,4.1,31.0,1.0
1843-09-30,6.9,3.7,30.0,1.0
1843-08-31,19.6,5.8,31.0,1.0
1843-07-31,15.9,5.2,31.0,1.0
1843-06-30,17.6,5.4,30.0,1.0
1843-05-31,35.1,7.6,30.0,1.0
1843-04-30,15.8,5.2,29.0,1.0
1843-03-31,13.9,5.0,29.0,1.0
1843-02-28,5.9,3.5,14.0,1.0
1843-01-31,22.2,6.1,22.0,1.0
1842-12-31,29.3,6.9,15.0,1.0
1842-11-30,67.5,10.4,25.0,1.0
1842-10-31,63.5,10.1,23.0,1.0
1842-09-30,30.6,7.1,28.0,1.0
1842-08-31,44.4,8.5,31.0,1.0
1842-07-31,21.0,6.0,31.0,1.0
1842-06-30,34.2,7.4,30.0,1.0
1842-05-31,41.4,8.2,31.0,1.0
1842-04-30,44.9,8.5,30.0,1.0
1842-03-31,36.2,7.7,25.0,1.0
1842-02-28,36.8,7.8,22.0,1.0
1842-01-31,34.0,7.5,20.0,1.0
1841-12-31,64.8,10.2,19.0,1.0
1841-11-30,32.9,7.3,20.0,1.0
1841-10-31,47.4,8.7,19.0,1.0
1841-09-30,60.9,9.9,28.0,1.0
1841-08-31,65.4,10.3,28.0,1.0
1841-07-31,51.4,9.1,27.0,1.0
1841-06-30,92.8,12.2,24.0,1.0
1841-05-31,112.4,13.5,27.0,1.0
1841-04-30,66.9,10.4,28.0,1.0
1841-03-31,49.6,8.9,22.0,1.0
1841-02-28,49.9,8.9,20.0,1.0
1841-01-31,40.1,8.1,15.0,1.0
1840-12-31,89.5,12.0,22.0,1.0
1840-11-30,90.4,12.0,20.0,1.0
1840-10-31,91.7,12.1,19.0,1.0
1840-09-30,123.3,14.1,20.0,1.0
1840-08-31,96.4,12.4,24.0,1.0
1840-07-31,101.0,12.7,23.0,1.0
1840-06-30,80.9,11.4,27.0,1.0
1840-05-31,115.4,13.6,22.0,1.0
1840-04-30,109.8,13.3,21.0,1.0
1840-03-31,112.9,13.5,18.0,1.0
1840-02-29,146.1,15.3,14.0,1.0
1840-01-31,135.4,14.7,18.0,1.0
1839-12-31,106.2,13.1,9.0,1.0
1839-11-30,114.7,13.6,11.0,1.0
1839-10-31,151.5,15.6,16.0,1.0
1839-09-30,221.1,18.8,18.0,1.0
1839-08-31,218.8,18.7,17.0,1.0
1839-07-31,141.3,15.1,25.0,1.0
1839-06-30,91.2,12.1,20.0,1.0
1839-05-31,89.6,12.0,22.0,1.0
1839-04-30,102.9,12.9,14.0,1.0
1839-03-31,129.5,14.4,15.0,1.0
1839-02-28,170.8,16.6,12.0,1.0
1839-01-31,175.9,16.8,15.0,1.0
1838-12-31,132.9,14.6,14.0,1.0
1838-11-30,129.2,14.4,16.0,1.0
1838-10-31,151.5,15.6,16.0,1.0
1838-09-30,122.7,14.0,23.0,1.0
1838-08-31,131.3,14.5,15.0,1.0
1838-07-31,180.4,17.0,21.0,1.0
1838-06-30,157.6,15.9,19.0,1.0
1838-05-31,229.4,19.2,20.0,1.0
1838-04-30,211.1,18.4,16.0,1.0
1838-03-31,234.5,19.4,12.0,1.0
1838-02-28,141.3,15.1,18.0,1.0
1838-01-31,241.5,19.7,11.0,1.0
1837-12-31,216.1,18.6,8.0,1.0
1837-11-30,178.4,16.9,7.0,1.0
1837-10-31,206.2,18.2,18.0,1.0
1837-09-30,160.4,16.1,19.0,1.0
1837-08-31,223.5,18.9,11.0,1.0
1837-07-31,271.2,20.9,9.0,1.0
1837-06-30,263.4,20.6,18.0,1.0
1837-05-31,186.1,17.3,15.0,1.0
1837-04-30,230.3,19.2,10.0,1.0
1837-03-31,224.3,19.0,12.0,1.0
1837-02-28,292.6,21.7,13.0,1.0
1837-01-31,313.4,22.4,10.0,1.0
1836-12-31,343.8,23.5,4.0,1.0
1836-11-30,201.5,18.0,11.0,1.0
1836-10-31,228.9,19.2,11.0,1.0
1836-09-30,158.5,16.0,12.0,1.0
1836-08-31,179.6,17.0,16.0,1.0
1836-07-31,194.6,17.7,15.0,1.0
1836-06-30,207.9,18.3,15.0,1.0
1836-05-31,185.7,17.3,23.0,1.0
1836-04-30,238.0,19.6,16.0,1.0
1836-03-31,163.7,16.2,12.0,1.0
1836-02-29,179.4,17.0,14.0,1.0
1836-01-31,147.6,15.4,17.0,1.0
1835-12-31,129.3,14.4,8.0,1.0
1835-11-30,166.7,16.4,15.0,1.0
1835-10-31,158.6,16.0,16.0,1.0
1835-09-30,168.0,16.4,11.0,1.0
1835-08-31,98.5,12.6,2.0,1.0
1835-07-31,99.6,12.7,13.0,1.0
1835-06-30,55.2,9.4,17.0,1.0
1835-05-31,72.6,10.8,22.0,1.0
1835-04-30,102.4,12.8,14.0,1.0
1835-03-31,32.7,7.3,18.0,1.0
1835-02-28,40.7,8.1,15.0,1.0
1835-01-31,12.4,4.7,22.0,1.0
1834-12-31,57.5,9.6,15.0,1.0
1834-11-30,50.9,9.1,15.0,1.0
1834-10-31,41.3,8.2,20.0,1.0
1834-09-30,19.2,5.6,21.0,1.0
1834-08-31,6.6,3.7,29.0,1.0
1834-07-31,14.4,5.0,22.0,1.0
1834-06-30,13.1,4.8,28.0,1.0
1834-05-31,14.8,5.0,30.0,1.0
1834-04-30,2.4,2.7,25.0,1.0
1834-03-31,6.5,3.7,24.0,1.0
1834-02-28,30.1,7.0,20.0,1.0
1834-01-31,8.2,4.0,11.0,1.0
1833-12-31,16.6,5.3,19.0,1.0
1833-11-30,9.8,4.2,24.0,1.0
1833-10-31,12.5,4.7,29.0,1.0
1833-09-30,19.3,5.8,16.0,1.0
1833-08-31,9.5,4.2,30.0,1.0
1833-07-31,11.6,4.6,27.0,1.0
1833-06-30,1.7,2.5,30.0,1.0
1833-05-31,21.5,6.0,28.0,1.0
1833-04-30,4.6,3.3,27.0,1.0
1833-03-31,19.6,5.8,19.0,1.0
1833-02-28,24.9,6.5,21.0,1.0
1833-01-31,18.7,5.7,22.0,1.0
1832-12-31,45.8,8.6,17.0,1.0
1832-11-30,23.8,6.2,18.0,1.0
1832-10-31,35.2,7.5,25.0,1.0
1832-09-30,13.7,4.9,29.0,1.0
1832-08-31,14.8,5.1,31.0,1.0
1832-07-31,23.3,6.2,25.0,1.0
1832-06-30,44.5,8.4,22.0,1.0
1832-05-31,68.9,10.5,28.0,1.0
1832-04-30,44.8,8.5,27.0,1.0
1832-03-31,91.9,12.1,21.0,1.0
1832-02-29,92.6,12.2,23.0,1.0
1832-01-31,51.5,9.1,11.0,1.0
1831-12-31,48.3,8.8,15.0,1.0
1831-11-30,72.5,10.8,15.0,1.0
1831-10-31,77.1,11.1,23.0,1.0
1831-09-30,63.2,10.1,22.0,1.0
1831-08-31,91.6,12.1,28.0,1.0
1831-07-31,75.4,11.0,29.0,1.0
1831-06-30,55.6,9.4,27.0,1.0
1831-05-31,63.4,10.1,31.0,1.0
1831-04-30,90.9,12.1,27.0,1.0
1831-03-31,155.8,15.8,25.0,1.0
1831-02-28,83.6,11.6,21.0,1.0
1831-01-31,79.0,11.3,22.0,1.0
1830-12-31,136.8,14.8,13.0,1.0
1830-11-30,135.4,14.7,19.0,1.0
1830-10-31,140.6,15.0,25.0,1.0
1830-09-30,103.4,12.9,24.0,1.0
1830-08-31,84.6,11.7,25.0,1.0
1830-07-31,73.2,10.8,26.0,1.0
1830-06-30,108.4,13.2,27.0,1.0
1830-05-31,110.5,13.3,28.0,1.0
1830-04-30,177.3,16.9,26.0,1.0
1830-03-31,141.0,15.1,20.0,1.0
1830-02-28,120.1,13.9,18.0,1.0
1830-01-31,87.0,11.8,17.0,1.0
1829-12-31,94.1,12.3,22.0,1.0
1829-11-30,112.7,13.4,19.0,1.0
1829-10-31,95.3,12.4,23.0,1.0
1829-09-30,88.0,11.9,26.0,1.0
1829-08-31,129.3,14.4,27.0,1.0
1829-07-31,151.5,15.6,28.0,1.0
1829-06-30,123.2,14.1,28.0,1.0
1829-05-31,112.3,13.4,29.0,1.0
1829-04-30,158.4,15.9,29.0,1.0
1829-03-31,120.6,13.9,26.0,1.0
1829-02-28,82.3,11.5,20.0,1.0
1829-01-31,71.6,10.7,14.0,1.0
1828-12-31,78.1,11.2,15.0,1.0
1828-11-30,95.0,12.3,22.0,1.0
1828-10-31,91.1,12.1,26.0,1.0
1828-09-30,83.9,11.6,30.0,1.0
1828-08-31,127.3,14.3,31.0,1.0
1828-07-31,90.4,12.0,31.0,1.0
1828-06-30,163.4,16.2,26.0,1.0
1828-05-31,148.6,15.5,27.0,1.0
1828-04-30,101.9,12.8,29.0,1.0
1828-03-31,108.5,13.2,24.0,1.0
1828-02-29,107.3,13.1,22.0,1.0
1828-01-31,88.0,11.9,18.0,1.0
1827-12-31,76.8,11.1,25.0,1.0
1827-11-30,80.4,11.4,20.0,1.0
1827-10-31,93.5,12.2,27.0,1.0
1827-09-30,82.6,11.5,30.0,1.0
1827-08-31,89.4,12.0,29.0,1.0
1827-07-31,70.4,10.6,31.0,1.0
1827-06-30,94.4,12.3,26.0,1.0
1827-05-31,93.8,12.3,30.0,1.0
1827-04-30,76.7,11.1,27.0,1.0
1827-03-31,96.3,12.4,28.0,1.0
1827-02-28,79.0,11.3,25.0,1.0
1827-01-31,57.7,9.7,23.0,1.0
1826-12-31,113.6,13.5,19.0,1.0
1826-11-30,65.8,10.3,22.0,1.0
1826-10-31,84.4,11.6,28.0,1.0
1826-09-30,31.6,7.2,30.0,1.0
1826-08-31,66.0,10.4,31.0,1.0
1826-07-31,87.5,11.9,30.0,1.0
1826-06-30,61.7,10.0,29.0,1.0
1826-05-31,53.9,9.3,30.0,1.0
1826-04-30,40.0,8.1,27.0,1.0
1826-03-31,61.3,9.9,28.0,1.0
1826-02-28,30.2,7.0,25.0,1.0
1826-01-31,29.4,6.9,21.0,1.0
1825-12-31,36.7,7.7,23.0,1.0
1825-11-30,19.6,5.7,18.0,1.0
1825-10-31,26.0,6.6,25.0,1.0
1825-09-30,26.2,6.6,26.0,1.0
1825-08-31,42.8,8.3,30.0,1.0
1825-07-31,51.5,9.1,30.0,1.0
1825-06-30,25.6,6.5,28.0,1.0
1825-05-31,25.8,6.4,25.0,1.0
1825-04-30,6.2,3.6,25.0,1.0
1825-03-31,37.4,7.8,27.0,1.0
1825-02-28,25.9,6.6,24.0,1.0
1825-01-31,8.4,4.1,29.0,1.0
1824-12-31,1.4,2.4,20.0,1.0
1824-11-30,0.0,2.0,18.0,1.0
1824-10-31,42.0,8.2,25.0,1.0
1824-09-30,34.3,7.5,19.0,1.0
1824-08-31,2.3,2.7,15.0,1.0
1824-07-31,0.0,2.0,21.0,1.0
1824-06-30,0.0,2.0,25.0,1.0
1824-05-31,4.6,3.3,19.0,1.0
1824-04-30,32.3,7.2,8.0,1.0
1824-03-31,0.0,2.0,21.0,1.0
1824-02-29,18.0,4.8,0.0,1.0
1824-01-31,36.0,7.6,3.0,1.0
1823-12-31,34.0,7.4,18.0,1.0
1823-11-30,0.0,2.0,20.0,1.0
1823-10-31,0.0,2.0,20.0,1.0
1823-09-30,0.0,2.0,27.0,1.0
1823-08-31,0.0,2.0,27.0,1.0
1823-07-31,0.8,2.2,24.0,1.0
1823-06-30,0.0,2.0,23.0,1.0
1823-05-31,0.0,2.0,25.0,1.0
1823-04-30,0.0,2.0,30.0,1.0
1823-03-31,1.0,2.3,29.0,1.0
1823-02-28,0.0,2.0,28.0,1.0
1823-01-31,0.0,2.0,31.0,1.0
1822-12-31,0.0,2.0,30.0,1.0
1822-11-30,0.0,2.0,30.0,1.0
1822-10-31,0.6,2.2,31.0,1.0
1822-09-30,0.0,2.0,30.0,1.0
1822-08-31,3.4,3.0,31.0,1.0
1822-07-31,13.2,4.9,29.0,1.0
1822-06-30,9.3,4.2,29.0,1.0
1822-05-31,2.4,2.8,30.0,1.0
1822-04-30,21.7,6.0,26.0,1.0
1822-03-31,26.9,6.6,28.0,1.0
1822-02-28,1.5,2.5,28.0,1.0
1822-01-31,0.0,2.0,31.0,1.0
1821-12-31,0.4,2.1,31.0,1.0
1821-11-30,7.3,3.9,27.0,1.0
1821-10-31,31.4,7.2,28.0,1.0
1821-09-30,7.3,3.9,29.0,1.0
1821-08-31,8.0,3.9,26.0,1.0
1821-07-31,4.3,3.2,24.0,1.0
1821-06-30,3.0,2.9,29.0,1.0
1821-05-31,2.8,2.8,31.0,1.0
1821-04-30,15.2,5.2,18.0,1.0
1821-03-31,9.5,4.2,29.0,1.0
1821-02-28,7.0,3.8,24.0,1.0
1821-01-31,36.0,7.6,8.0,1.0
1820-12-31,15.1,5.2,16.0,1.0
1820-11-30,13.2,4.8,13.0,1.0
1820-10-31,14.9,5.2,26.0,1.0
1820-09-30,8.6,4.0,25.0,1.0
1820-08-31,43.1,8.3,17.0,1.0
1820-07-31,34.1,7.4,7.0,1.0
1820-06-30,17.9,5.6,25.0,1.0
1820-05-31,48.9,8.8,20.0,1.0
1820-04-30,32.3,7.3,19.0,1.0
1820-03-31,7.5,3.9,23.0,1.0
1820-02-29,44.4,8.4,14.0,1.0
1820-01-31,32.0,7.3,19.0,1.0
1819-12-31,50.9,9.1,20.0,1.0
1819-11-30,41.8,8.3,19.0,1.0
1819-10-31,45.9,8.6,22.0,1.0
1819-09-30,24.8,6.4,27.0,1.0
1819-08-31,43.5,8.4,24.0,1.0
1819-07-31,52.5,9.2,15.0,1.0
1819-06-30,58.3,9.7,23.0,1.0
1819-05-31,32.6,7.3,31.0,1.0
1819-04-30,33.7,7.4,23.0,1.0
1819-03-31,6.3,3.6,23.0,1.0
1819-02-28,34.6,7.5,10.0,1.0
1819-01-31,54.7,9.4,12.0,1.0
1818-12-31,43.0,8.4,13.0,1.0
1818-11-30,18.3,5.5,12.0,1.0
1818-10-31,52.8,9.2,22.0,1.0
1818-09-30,43.4,8.3,18.0,1.0
1818-08-31,52.6,9.2,20.0,1.0
1818-07-31,46.8,8.7,21.0,1.0
1818-06-30,60.8,9.9,25.0,1.0
1818-05-31,88.5,11.9,25.0,1.0
1818-04-30,57.5,9.6,21.0,1.0
1818-03-31,42.4,8.3,14.0,1.0
1818-02-28,37.4,7.8,14.0,1.0
1818-01-31,58.1,9.7,8.0,1.0
1817-12-31,47.3,,,1.0
1817-11-30,48.2,,,1.0
1817-10-31,42.7,,,1.0
1817-09-30,61.2,,,1.0
1817-08-31,75.0,,,1.0
1817-07-31,83.3,,,1.0
1817-06-30,66.7,,,1.0
1817-05-31,35.3,,,1.0
1817-04-30,44.0,,,1.0
1817-03-31,160.3,,,1.0
1817-02-28,96.5,,,1.0
1817-01-31,60.7,,,1.0
1816-12-31,49.8,,,1.0
1816-11-30,63.5,,,1.0
1816-10-31,94.0,,,1.0
1816-09-30,79.7,,,1.0
1816-08-31,38.7,,,1.0
1816-07-31,64.7,,,1.0
1816-06-30,72.7,,,1.0
1816-05-31,73.8,,,1.0
1816-04-30,98.0,,,1.0
1816-03-31,122.8,,,1.0
1816-02-29,114.7,,,1.0
1816-01-31,43.8,,,1.0
1815-12-31,108.3,,,1.0
1815-11-30,62.0,,,1.0
1815-10-31,55.8,,,1.0
1815-09-30,52.5,,,1.0
1815-08-31,78.7,,,1.0
1815-07-31,59.2,,,1.0
1815-06-30,93.2,,,1.0
1815-05-31,16.3,,,1.0
1815-04-30,52.7,,,1.0
1815-03-31,43.7,,,1.0
1815-02-28,53.7,,,1.0
1815-01-31,32.0,,,1.0
1814-12-31,33.5,,,1.0
1814-11-30,24.2,,,1.0
1814-10-31,32.2,,,1.0
1814-09-30,13.5,,,1.0
1814-08-31,3.8,,,1.0
1814-07-31,30.8,,,1.0
1814-06-30,24.8,,,1.0
1814-05-31,9.7,,,1.0
1814-04-30,39.7,,,1.0
1814-03-31,9.5,,,1.0
1814-02-28,20.0,,,1.0
1814-01-31,37.0,,,1.0
1813-12-31,23.8,,,1.0
1813-11-30,27.8,,,1.0
1813-10-31,46.3,,,1.0
1813-09-30,25.5,,,1.0
1813-08-31,14.0,,,1.0
1813-07-31,30.5,,,1.0
1813-06-30,18.7,,,1.0
1813-05-31,9.2,,,1.0
1813-04-30,27.7,,,1.0
1813-03-31,3.2,,,1.0
1813-02-28,17.2,,,1.0
1813-01-31,0.0,,,1.0
1812-12-31,16.8,,,1.0
1812-11-30,13.2,,,1.0
1812-10-31,6.5,,,1.0
1812-09-30,8.7,,,1.0
1812-08-31,26.0,,,1.0
1812-07-31,0.8,,,1.0
1812-06-30,2.2,,,1.0
1812-05-31,1.7,,,1.0
1812-04-30,0.0,,,1.0
1812-03-31,1.2,,,1.0
1812-02-29,3.2,,,1.0
1812-01-31,18.8,,,1.0
1811-12-31,1.8,,,1.0
1811-11-30,1.3,,,1.0
1811-10-31,10.2,,,1.0
1811-09-30,4.0,,,1.0
1811-08-31,0.0,,,1.0
1811-07-31,11.0,,,1.0
1811-06-30,0.0,,,1.0
1811-05-31,0.0,,,1.0
1811-04-30,0.0,,,1.0
1811-03-31,0.0,,,1.0
1811-02-28,0.0,,,1.0
1811-01-31,0.0,,,1.0
1810-12-31,0.0,,,1.0
1810-11-30,0.0,,,1.0
1810-10-31,0.0,,,1.0
1810-09-30,0.0,,,1.0
1810-08-31,0.0,,,1.0
1810-07-31,0.0,,,1.0
1810-06-30,0.0,,,1.0
1810-05-31,0.0,,,1.0
1810-04-30,0.0,,,1.0
1810-03-31,0.0,,,1.0
1810-02-28,0.0,,,1.0
1810-01-31,0.0,,,1.0
1809-12-31,0.0,,,1.0
1809-11-30,0.0,,,1.0
1809-10-31,0.0,,,1.0
1809-09-30,0.7,,,1.0
1809-08-31,0.3,,,1.0
1809-07-31,0.5,,,1.0
1809-06-30,12.8,,,1.0
1809-05-31,3.3,,,1.0
1809-04-30,4.2,,,1.0
1809-03-31,1.5,,,1.0
1809-02-28,15.3,,,1.0
1809-01-31,12.0,,,1.0
1808-12-31,20.5,,,1.0
1808-11-30,17.5,,,1.0
1808-10-31,7.8,,,1.0
1808-09-30,19.5,,,1.0
1808-08-31,13.3,,,1.0
1808-07-31,11.2,,,1.0
1808-06-30,22.5,,,1.0
1808-05-31,22.5,,,1.0
1808-04-30,20.5,,,1.0
1808-03-31,0.0,,,1.0
1808-02-29,7.5,,,1.0
1808-01-31,0.0,,,1.0
1807-12-31,0.0,,,1.0
1807-11-30,4.3,,,1.0
1807-10-31,13.3,,,1.0
1807-09-30,9.5,,,1.0
1807-08-31,20.0,,,1.0
1807-07-31,21.2,,,1.0
1807-06-30,20.0,,,1.0
1807-05-31,16.7,,,1.0
1807-04-30,39.7,,,1.0
1807-03-31,16.0,,,1.0
1807-02-28,20.3,,,1.0
1807-01-31,20.0,,,1.0
1806-12-31,40.0,,,1.0
1806-11-30,41.7,,,1.0
1806-10-31,45.0,,,1.0
1806-09-30,40.0,,,1.0
1806-08-31,43.8,,,1.0
1806-07-31,50.0,,,1.0
1806-06-30,42.7,,,1.0
1806-05-31,44.0,,,1.0
1806-04-30,46.2,,,1.0
1806-03-31,54.5,,,1.0
1806-02-28,49.3,,,1.0
1806-01-31,65.0,,,1.0
1805-12-31,63.8,,,1.0
1805-11-30,68.3,,,1.0
1805-10-31,49.0,,,1.0
1805-09-30,74.0,,,1.0
1805-08-31,71.2,,,1.0
1805-07-31,62.7,,,1.0
1805-06-30,67.5,,,1.0
1805-05-31,65.0,,,1.0
1805-04-30,62.5,,,1.0
1805-03-31,85.7,,,1.0
1805-02-28,73.5,,,1.0
1805-01-31,101.7,,,1.0
1804-12-31,100.0,,,1.0
1804-11-30,101.7,,,1.0
1804-10-31,103.8,,,1.0
1804-09-30,88.3,,,1.0
1804-08-31,71.8,,,1.0
1804-07-31,49.7,,,1.0
1804-06-30,58.0,,,1.0
1804-05-31,55.7,,,1.0
1804-04-30,84.3,,,1.0
1804-03-31,80.0,,,1.0
1804-02-29,80.5,,,1.0
1804-01-31,75.5,,,1.0
1803-12-31,80.0,,,1.0
1803-11-30,85.0,,,1.0
1803-10-31,90.5,,,1.0
1803-09-30,75.5,,,1.0
1803-08-31,56.8,,,1.0
1803-07-31,80.5,,,1.0
1803-06-30,60.0,,,1.0
1803-05-31,73.8,,,1.0
1803-04-30,41.7,,,1.0
1803-03-31,49.2,,,1.0
1803-02-28,84.7,,,1.0
1803-01-31,83.3,,,1.0
1802-12-31,83.3,,,1.0
1802-11-30,57.5,,,1.0
1802-10-31,64.2,,,1.0
1802-09-30,86.3,,,1.0
1802-08-31,83.3,,,1.0
1802-07-31,80.0,,,1.0
1802-06-30,76.7,,,1.0
1802-05-31,73.3,,,1.0
1802-04-30,70.0,,,1.0
1802-03-31,68.0,,,1.0
1802-02-28,78.3,,,1.0
1802-01-31,79.7,,,1.0
1801-12-31,80.3,,,1.0
1801-11-30,66.3,,,1.0
1801-10-31,54.3,,,1.0
1801-09-30,55.8,,,1.0
1801-08-31,64.5,,,1.0
1801-07-31,58.3,,,1.0
1801-06-30,52.0,,,1.0
1801-05-31,53.3,,,1.0
1801-04-30,51.7,,,1.0
1801-03-31,50.0,,,1.0
1801-02-28,48.3,,,1.0
1801-01-31,45.0,,,1.0
1800-12-31,66.8,,,1.0
1800-11-30,17.5,,,1.0
1800-10-31,20.5,,,1.0
1800-09-30,19.2,,,1.0
1800-08-31,32.5,,,1.0
1800-07-31,35.0,,,1.0
1800-06-30,39.5,,,1.0
1800-05-31,8.3,,,1.0
1800-04-30,0.0,,,1.0
1800-03-31,23.2,,,1.0
1800-02-28,15.5,,,1.0
1800-01-31,11.5,,,1.0
1799-12-31,14.3,,,1.0
1799-11-30,4.5,,,1.0
1799-10-31,7.7,,,1.0
1799-09-30,0.0,,,1.0
1799-08-31,0.0,,,1.0
1799-07-31,3.5,,,1.0
1799-06-30,17.7,,,1.0
1799-05-31,13.7,,,1.0
1799-04-30,14.0,,,1.0
1799-03-31,36.2,,,1.0
1799-02-28,21.0,,,1.0
1799-01-31,2.7,,,1.0
1798-12-31,16.5,,,1.0
1798-11-30,20.8,,,1.0
1798-10-31,2.5,,,1.0
1798-09-30,4.0,,,1.0
1798-08-31,5.0,,,1.0
1798-07-31,0.0,,,1.0
1798-06-30,0.0,,,1.0
1798-05-31,0.0,,,1.0
1798-04-30,1.8,,,1.0
1798-03-31,20.7,,,1.0
1798-02-28,6.7,,,1.0
1798-01-31,3.3,,,1.0
1797-12-31,5.0,,,1.0
1797-11-30,9.7,,,1.0
1797-10-31,11.5,,,1.0
1797-09-30,9.5,,,1.0
1797-08-31,10.0,,,1.0
1797-07-31,7.2,,,1.0
1797-06-30,18.5,,,1.0
1797-05-31,12.2,,,1.0
1797-04-30,6.7,,,1.0
1797-03-31,6.7,,,1.0
1797-02-28,7.0,,,1.0
1797-01-31,24.0,,,1.0
1796-12-31,8.5,,,1.0
1796-11-30,14.0,,,1.0
1796-10-31,18.3,,,1.0
1796-09-30,30.7,,,1.0
1796-08-31,2.5,,,1.0
1796-07-31,44.8,,,1.0
1796-06-30,11.2,,,1.0
1796-05-31,35.0,,,1.0
1796-04-30,52.8,,,1.0
1796-03-31,26.2,,,1.0
1796-02-29,39.7,,,1.0
1796-01-31,36.7,,,1.0
1795-12-31,30.0,,,1.0
1795-11-30,41.7,,,1.0
1795-10-31,32.5,,,1.0
1795-09-30,22.5,,,1.0
1795-08-31,42.8,,,1.0
1795-07-31,21.5,,,1.0
1795-06-30,28.5,,,1.0
1795-05-31,51.7,,,1.0
1795-04-30,31.0,,,1.0
1795-03-31,21.0,,,1.0
1795-02-28,66.5,,,1.0
1795-01-31,35.7,,,1.0
1794-12-31,85.7,,,1.0
1794-11-30,112.3,,,1.0
1794-10-31,47.5,,,1.0
1794-09-30,18.5,,,1.0
1794-08-31,66.7,,,1.0
1794-07-31,68.3,,,1.0
1794-06-30,69.2,,,1.0
1794-05-31,92.8,,,1.0
1794-04-30,47.3,,,1.0
1794-03-31,63.3,,,1.0
1794-02-28,73.3,,,1.0
1794-01-31,75.0,,,1.0
1793-12-31,76.2,,,1.0
1793-11-30,73.3,,,1.0
1793-10-31,78.3,,,1.0
1793-09-30,40.0,,,1.0
1793-08-31,48.8,,,1.0
1793-07-31,83.3,,,1.0
1793-06-30,85.0,,,1.0
1793-05-31,87.2,,,1.0
1793-04-30,88.3,,,1.0
1793-03-31,92.5,,,1.0
1793-02-28,91.7,,,1.0
1793-01-31,93.3,,,1.0
1792-12-31,93.3,,,1.0
1792-11-30,95.0,,,1.0
1792-10-31,98.3,,,1.0
1792-09-30,98.3,,,1.0
1792-08-31,100.0,,,1.0
1792-07-31,76.3,,,1.0
1792-06-30,101.7,,,1.0
1792-05-31,103.3,,,1.0
1792-04-30,126.2,,,1.0
1792-03-31,105.0,,,1.0
1792-02-29,106.7,,,1.0
1792-01-31,96.7,,,1.0
1791-12-31,110.0,,,1.0
1791-11-30,111.7,,,1.0
1791-10-31,102.8,,,1.0
1791-09-30,110.8,,,1.0
1791-08-31,71.7,,,1.0
1791-07-31,118.3,,,1.0
1791-06-30,107.0,,,1.0
1791-05-31,122.8,,,1.0
1791-04-30,128.7,,,1.0
1791-03-31,123.3,,,1.0
1791-02-28,103.3,,,1.0
1791-01-31,121.2,,,1.0
1790-12-31,123.3,,,1.0
1790-11-30,136.7,,,1.0
1790-10-31,140.5,,,1.0
1790-09-30,128.8,,,1.0
1790-08-31,145.0,,,1.0
1790-07-31,115.5,,,1.0
1790-06-30,151.7,,,1.0
1790-05-31,155.0,,,1.0
1790-04-30,156.7,,,1.0
1790-03-31,160.5,,,1.0
1790-02-28,212.5,,,1.0
1790-01-31,171.7,,,1.0
1789-12-31,225.8,,,1.0
1789-11-30,223.3,,,1.0
1789-10-31,149.5,,,1.0
1789-09-30,186.7,,,1.0
1789-08-31,171.7,,,1.0
1789-07-31,195.0,,,1.0
1789-06-30,200.0,,,1.0
1789-05-31,205.8,,,1.0
1789-04-30,205.5,,,1.0
1789-03-31,200.0,,,1.0
1789-02-28,208.8,,,1.0
1789-01-31,190.0,,,1.0
1788-12-31,215.8,,,1.0
1788-11-30,157.8,,,1.0
1788-10-31,236.7,,,1.0
1788-09-30,235.0,,,1.0
1788-08-31,226.7,,,1.0
1788-07-31,235.8,,,1.0
1788-06-30,257.0,,,1.0
1788-05-31,188.3,,,1.0
1788-04-30,180.8,,,1.0
1788-03-31,238.8,,,1.0
1788-02-29,215.3,,,1.0
1788-01-31,230.0,,,1.0
1787-12-31,290.0,,,1.0
1787-11-30,235.8,,,1.0
1787-10-31,261.7,,,1.0
1787-09-30,262.2,,,1.0
1787-08-31,228.7,,,1.0
1787-07-31,213.3,,,1.0
1787-06-30,165.3,,,1.0
1787-05-31,224.7,,,1.0
1787-04-30,212.0,,,1.0
1787-03-31,145.7,,,1.0
1787-02-28,176.7,,,1.0
1787-01-31,224.5,,,1.0
1786-12-31,187.8,,,1.0
1786-11-30,193.3,,,1.0
1786-10-31,187.2,,,1.0
1786-09-30,185.8,,,1.0
1786-08-31,149.5,,,1.0
1786-07-31,138.3,,,1.0
1786-06-30,98.3,,,1.0
1786-05-31,153.8,,,1.0
1786-04-30,142.3,,,1.0
1786-03-31,79.5,,,1.0
1786-02-28,79.3,,,1.0
1786-01-31,62.0,,,1.0
1785-12-31,45.5,,,1.0
1785-11-30,67.0,,,1.0
1785-10-31,78.7,,,1.0
1785-09-30,53.3,,,1.0
1785-08-31,33.3,,,1.0
1785-07-31,60.5,,,1.0
1785-06-30,43.8,,,1.0
1785-05-31,34.5,,,1.0
1785-04-30,26.2,,,1.0
1785-03-31,15.0,,,1.0
1785-02-28,13.3,,,1.0
1785-01-31,10.8,,,1.0
1784-12-31,23.3,,,1.0
1784-11-30,28.3,,,1.0
1784-10-31,13.3,,,1.0
1784-09-30,16.7,,,1.0
1784-08-31,16.7,,,1.0
1784-07-31,10.0,,,1.0
1784-06-30,15.0,,,1.0
1784-05-31,10.0,,,1.0
1784-04-30,16.7,,,1.0
1784-03-31,18.3,,,1.0
1784-02-29,13.3,,,1.0
1784-01-31,21.7,,,1.0
1783-12-31,17.5,,,1.0
1783-11-30,25.0,,,1.0
1783-10-31,13.3,,,1.0
1783-09-30,30.0,,,1.0
1783-08-31,33.3,,,1.0
1783-07-31,53.7,,,1.0
1783-06-30,42.0,,,1.0
1783-05-31,38.3,,,1.0
1783-04-30,47.2,,,1.0
1783-03-31,44.5,,,1.0
1783-02-28,64.5,,,1.0
1783-01-31,46.7,,,1.0
1782-12-31,50.0,,,1.0
1782-11-30,52.5,,,1.0
1782-10-31,38.7,,,1.0
1782-09-30,56.7,,,1.0
1782-08-31,73.3,,,1.0
1782-07-31,61.7,,,1.0
1782-06-30,63.3,,,1.0
1782-05-31,90.5,,,1.0
1782-04-30,68.3,,,1.0
1782-03-31,61.7,,,1.0
1782-02-28,62.5,,,1.0
1782-01-31,90.0,,,1.0
1781-12-31,58.7,,,1.0
1781-11-30,111.7,,,1.0
1781-10-31,45.5,,,1.0
1781-09-30,85.0,,,1.0
1781-08-31,110.0,,,1.0
1781-07-31,122.5,,,1.0
1781-06-30,162.8,,,1.0
1781-05-31,174.5,,,1.0
1781-04-30,113.8,,,1.0
1781-03-31,88.3,,,1.0
1781-02-28,124.5,,,1.0
1781-01-31,164.5,,,1.0
1780-12-31,97.8,,,1.0
1780-11-30,100.0,,,1.0
1780-10-31,128.3,,,1.0
1780-09-30,156.2,,,1.0
1780-08-31,143.3,,,1.0
1780-07-31,143.3,,,1.0
1780-06-30,146.7,,,1.0
1780-05-31,178.7,,,1.0
1780-04-30,158.3,,,1.0
1780-03-31,163.3,,,1.0
1780-02-29,163.3,,,1.0
1780-01-31,116.7,,,1.0
1779-12-31,183.3,,,1.0
1779-11-30,190.0,,,1.0
1779-10-31,206.7,,,1.0
1779-09-30,185.0,,,1.0
1779-08-31,186.7,,,1.0
1779-07-31,238.3,,,1.0
1779-06-30,189.5,,,1.0
1779-05-31,233.3,,,1.0
1779-04-30,241.7,,,1.0
1779-03-31,196.7,,,1.0
1779-02-28,276.2,,,1.0
1779-01-31,191.2,,,1.0
1778-12-31,175.0,,,1.0
1778-11-30,250.5,,,1.0
1778-10-31,260.5,,,1.0
1778-09-30,286.2,,,1.0
1778-08-31,233.3,,,1.0
1778-07-31,255.0,,,1.0
1778-06-30,286.0,,,1.0
1778-05-31,398.2,,,1.0
1778-04-30,241.7,,,1.0
1778-03-31,223.3,,,1.0
1778-02-28,182.2,,,1.0
1778-01-31,295.5,,,1.0
1777-12-31,262.2,,,1.0
1777-11-30,243.3,,,1.0
1777-10-31,177.5,,,1.0
1777-09-30,193.7,,,1.0
1777-08-31,186.7,,,1.0
1777-07-31,158.3,,,1.0
1777-06-30,134.5,,,1.0
1777-05-31,133.8,,,1.0
1777-04-30,159.2,,,1.0
1777-03-31,65.0,,,1.0
1777-02-28,60.8,,,1.0
1777-01-31,75.0,,,1.0
1776-12-31,66.7,,,1.0
1776-11-30,58.3,,,1.0
1776-10-31,50.0,,,1.0
1776-09-30,26.7,,,1.0
1776-08-31,40.3,,,1.0
1776-07-31,1.7,,,1.0
1776-06-30,31.7,,,1.0
1776-05-31,18.7,,,1.0
1776-04-30,36.3,,,1.0
1776-03-31,10.5,,,1.0
1776-02-29,19.3,,,1.0
1776-01-31,36.2,,,1.0
1775-12-31,13.2,,,1.0
1775-11-30,25.2,,,1.0
1775-10-31,9.3,,,1.0
1775-09-30,5.3,,,1.0
1775-08-31,13.2,,,1.0
1775-07-31,1.7,,,1.0
1775-06-30,20.5,,,1.0
1775-05-31,6.5,,,1.0
1775-04-30,18.7,,,1.0
1775-03-31,19.3,,,1.0
1775-02-28,0.0,,,1.0
1775-01-31,7.3,,,1.0
1774-12-31,20.3,,,1.0
1774-11-30,29.5,,,1.0
1774-10-31,23.3,,,1.0
1774-09-30,13.2,,,1.0
1774-08-31,11.0,,,1.0
1774-07-31,29.2,,,1.0
1774-06-30,47.5,,,1.0
1774-05-31,85.5,,,1.0
1774-04-30,73.0,,,1.0
1774-03-31,92.8,,,1.0
1774-02-28,109.0,,,1.0
1774-01-31,78.0,,,1.0
1773-12-31,72.0,,,1.0
1773-11-30,68.2,,,1.0
1773-10-31,43.8,,,1.0
1773-09-30,48.8,,,1.0
1773-08-31,21.2,,,1.0
1773-07-31,46.2,,,1.0
1773-06-30,47.3,,,1.0
1773-05-31,68.5,,,1.0
1773-04-30,54.8,,,1.0
1773-03-31,85.3,,,1.0
1773-02-28,48.3,,,1.0
1773-01-31,91.0,,,1.0
1772-12-31,106.7,,,1.0
1772-11-30,102.2,,,1.0
1772-10-31,131.0,,,1.0
1772-09-30,84.2,,,1.0
1772-08-31,93.7,,,1.0
1772-07-31,128.8,,,1.0
1772-06-30,95.0,,,1.0
1772-05-31,63.3,,,1.0
1772-04-30,153.7,,,1.0
1772-03-31,51.8,,,1.0
1772-02-29,151.3,,,1.0
1772-01-31,168.2,,,1.0
1771-12-31,159.5,,,1.0
1771-11-30,166.2,,,1.0
1771-10-31,150.0,,,1.0
1771-09-30,169.0,,,1.0
1771-08-31,97.5,,,1.0
1771-07-31,112.8,,,1.0
1771-06-30,199.2,,,1.0
1771-05-31,254.5,,,1.0
1771-04-30,108.2,,,1.0
1771-03-31,77.8,,,1.0
1771-02-28,77.0,,,1.0
1771-01-31,60.0,,,1.0
1770-12-31,170.5,,,1.0
1770-11-30,220.3,,,1.0
1770-10-31,172.7,,,1.0
1770-09-30,174.0,,,1.0
1770-08-31,210.5,,,1.0
1770-07-31,183.0,,,1.0
1770-06-30,138.8,,,1.0
1770-05-31,116.8,,,1.0
1770-04-30,85.0,,,1.0
1770-03-31,133.5,,,1.0
1770-02-28,237.5,,,1.0
1770-01-31,173.3,,,1.0
1769-12-31,186.7,,,1.0
1769-11-30,246.8,,,1.0
1769-10-31,263.7,,,1.0
1769-09-30,248.0,,,1.0
1769-08-31,200.5,,,1.0
1769-07-31,197.7,,,1.0
1769-06-30,157.3,,,1.0
1769-05-31,122.7,,,1.0
1769-04-30,161.2,,,1.0
1769-03-31,107.2,,,1.0
1769-02-28,107.0,,,1.0
1769-01-31,123.2,,,1.0
1768-12-31,186.3,,,1.0
1768-11-30,151.0,,,1.0
1768-10-31,129.7,,,1.0
1768-09-30,124.7,,,1.0
1768-08-31,111.3,,,1.0
1768-07-31,87.7,,,1.0
1768-06-30,129.0,,,1.0
1768-05-31,129.5,,,1.0
1768-04-30,71.2,,,1.0
1768-03-31,77.2,,,1.0
1768-02-29,110.2,,,1.0
1768-01-31,89.2,,,1.0
1767-12-31,88.8,,,1.0
1767-11-30,91.2,,,1.0
1767-10-31,73.5,,,1.0
1767-09-30,71.2,,,1.0
1767-08-31,68.0,,,1.0
1767-07-31,36.5,,,1.0
1767-06-30,55.5,,,1.0
1767-05-31,49.7,,,1.0
1767-04-30,54.8,,,1.0
1767-03-31,71.7,,,1.0
1767-02-28,50.0,,,1.0
1767-01-31,45.7,,,1.0
1766-12-31,32.0,,,1.0
1766-11-30,9.5,,,1.0
1766-10-31,8.3,,,1.0
1766-09-30,7.2,,,1.0
1766-08-31,6.7,,,1.0
1766-07-31,5.5,,,1.0
1766-06-30,5.0,,,1.0
1766-05-31,44.7,,,1.0
1766-04-30,10.0,,,1.0
1766-03-31,61.0,,,1.0
1766-02-28,18.3,,,1.0
1766-01-31,20.0,,,1.0
1765-12-31,21.7,,,1.0
1765-11-30,23.3,,,1.0
1765-10-31,23.3,,,1.0
1765-09-30,26.7,,,1.0
1765-08-31,49.5,,,1.0
1765-07-31,45.0,,,1.0
1765-06-30,33.3,,,1.0
1765-05-31,33.7,,,1.0
1765-04-30,36.7,,,1.0
1765-03-31,41.7,,,1.0
1765-02-28,43.3,,,1.0
1765-01-31,40.0,,,1.0
1764-12-31,42.8,,,1.0
1764-11-30,43.3,,,1.0
1764-10-31,46.7,,,1.0
1764-09-30,47.0,,,1.0
1764-08-31,50.0,,,1.0
1764-07-31,50.0,,,1.0
1764-06-30,50.0,,,1.0
1764-05-31,73.8,,,1.0
1764-04-30,57.3,,,1.0
1764-03-31,67.0,,,1.0
1764-02-29,99.5,,,1.0
1764-01-31,99.5,,,1.0
1763-12-31,102.3,,,1.0
1763-11-30,101.5,,,1.0
1763-10-31,77.2,,,1.0
1763-09-30,113.5,,,1.0
1763-08-31,44.2,,,1.0
1763-07-31,90.3,,,1.0
1763-06-30,59.7,,,1.0
1763-05-31,54.5,,,1.0
1763-04-30,54.8,,,1.0
1763-03-31,57.0,,,1.0
1763-02-28,53.2,,,1.0
1763-01-31,94.2,,,1.0
1762-12-31,128.7,,,1.0
1762-11-30,129.7,,,1.0
1762-10-31,115.5,,,1.0
1762-09-30,114.2,,,1.0
1762-08-31,112.8,,,1.0
1762-07-31,56.3,,,1.0
1762-06-30,128.5,,,1.0
1762-05-31,66.5,,,1.0
1762-04-30,100.3,,,1.0
1762-03-31,76.2,,,1.0
1762-02-28,121.3,,,1.0
1762-01-31,73.0,,,1.0
1761-12-31,76.7,,,1.0
1761-11-30,149.5,,,1.0
1761-10-31,147.8,,,1.0
1761-09-30,167.8,,,1.0
1761-08-31,151.8,,,1.0
1761-07-31,156.8,,,1.0
1761-06-30,165.5,,,1.0
1761-05-31,178.7,,,1.0
1761-04-30,119.5,,,1.0
1761-03-31,134.5,,,1.0
1761-02-28,151.7,,,1.0
1761-01-31,116.7,,,1.0
1760-12-31,101.7,,,1.0
1760-11-30,99.5,,,1.0
1760-10-31,84.3,,,1.0
1760-09-30,102.2,,,1.0
1760-08-31,126.0,,,1.0
1760-07-31,110.0,,,1.0
1760-06-30,80.5,,,1.0
1760-05-31,120.0,,,1.0
1760-04-30,97.2,,,1.0
1760-03-31,124.5,,,1.0
1760-02-29,99.2,,,1.0
1760-01-31,112.2,,,1.0
1759-12-31,95.0,,,1.0
1759-11-30,77.2,,,1.0
1759-10-31,99.5,,,1.0
1759-09-30,128.7,,,1.0
1759-08-31,118.8,,,1.0
1759-07-31,85.0,,,1.0
1759-06-30,83.3,,,1.0
1759-05-31,81.7,,,1.0
1759-04-30,78.3,,,1.0
1759-03-31,78.0,,,1.0
1759-02-28,73.3,,,1.0
1759-01-31,80.5,,,1.0
1758-12-31,71.7,,,1.0
1758-11-30,71.7,,,1.0
1758-10-31,62.8,,,1.0
1758-09-30,104.2,,,1.0
1758-08-31,64.5,,,1.0
1758-07-31,73.3,,,1.0
1758-06-30,75.0,,,1.0
1758-05-31,77.3,,,1.0
1758-04-30,120.5,,,1.0
1758-03-31,81.7,,,1.0
1758-02-28,86.7,,,1.0
1758-01-31,62.7,,,1.0
1757-12-31,55.8,,,1.0
1757-11-30,107.8,,,1.0
1757-10-31,54.2,,,1.0
1757-09-30,66.2,,,1.0
1757-08-31,85.5,,,1.0
1757-07-31,41.7,,,1.0
1757-06-30,21.3,,,1.0
1757-05-31,63.5,,,1.0
1757-04-30,50.0,,,1.0
1757-03-31,43.7,,,1.0
1757-02-28,35.3,,,1.0
1757-01-31,23.5,,,1.0
1756-12-31,15.7,,,1.0
1756-11-30,28.3,,,1.0
1756-10-31,23.8,,,1.0
1756-09-30,19.7,,,1.0
1756-08-31,10.7,,,1.0
1756-07-31,6.0,,,1.0
1756-06-30,21.5,,,1.0
1756-05-31,20.8,,,1.0
1756-04-30,15.7,,,1.0
1756-03-31,9.0,,,1.0
1756-02-29,11.8,,,1.0
1756-01-31,20.8,,,1.0
1755-12-31,33.3,,,1.0
1755-11-30,11.3,,,1.0
1755-10-31,39.5,,,1.0
1755-09-30,29.7,,,1.0
1755-08-31,5.3,,,1.0
1755-07-31,14.3,,,1.0
1755-06-30,0.0,,,1.0
1755-05-31,0.0,,,1.0
1755-04-30,10.8,,,1.0
1755-03-31,11.3,,,1.0
1755-02-28,18.7,,,1.0
1755-01-31,17.0,,,1.0
1754-12-31,7.0,,,1.0
1754-11-30,22.0,,,1.0
1754-10-31,40.2,,,1.0
1754-09-30,13.7,,,1.0
1754-08-31,20.5,,,1.0
1754-07-31,31.3,,,1.0
1754-06-30,44.5,,,1.0
1754-05-31,34.5,,,1.0
1754-04-30,22.8,,,1.0
1754-03-31,2.8,,,1.0
1754-02-28,5.0,,,1.0
1754-01-31,0.0,,,1.0
1753-12-31,11.2,,,1.0
1753-11-30,33.3,,,1.0
1753-10-31,41.7,,,1.0
1753-09-30,46.7,,,1.0
1753-08-31,65.0,,,1.0
1753-07-31,36.7,,,1.0
1753-06-30,52.8,,,1.0
1753-05-31,60.0,,,1.0
1753-04-30,63.3,,,1.0
1753-03-31,76.2,,,1.0
1753-02-28,53.3,,,1.0
1753-01-31,73.3,,,1.0
1752-12-31,66.7,,,1.0
1752-11-30,62.7,,,1.0
1752-10-31,77.7,,,1.0
1752-09-30,45.2,,,1.0
1752-08-31,48.8,,,1.0
1752-07-31,130.7,,,1.0
1752-06-30,66.0,,,1.0
1752-05-31,99.5,,,1.0
1752-04-30,98.8,,,1.0
1752-03-31,118.3,,,1.0
1752-02-29,83.3,,,1.0
1752-01-31,58.3,,,1.0
1751-12-31,73.3,,,1.0
1751-11-30,47.5,,,1.0
1751-10-31,38.7,,,1.0
1751-09-30,39.2,,,1.0
1751-08-31,99.7,,,1.0
1751-07-31,110.5,,,1.0
1751-06-30,84.5,,,1.0
1751-05-31,101.2,,,1.0
1751-04-30,94.0,,,1.0
1751-03-31,75.5,,,1.0
1751-02-28,72.5,,,1.0
1751-01-31,116.7,,,1.0
1750-12-31,125.7,,,1.0
1750-11-30,105.5,,,1.0
1750-10-31,109.5,,,1.0
1750-09-30,152.0,,,1.0
1750-08-31,171.7,,,1.0
1750-07-31,142.3,,,1.0
1750-06-30,166.7,,,1.0
1750-05-31,150.0,,,1.0
1750-04-30,147.2,,,1.0
1750-03-31,148.7,,,1.0
1750-02-28,126.5,,,1.0
1750-01-31,122.2,,,1.0
1749-12-31,142.0,,,1.0
1749-11-30,264.3,,,1.0
1749-10-31,125.8,,,1.0
1749-09-30,126.5,,,1.0
1749-08-31,110.5,,,1.0
1749-07-31,158.0,,,1.0
1749-06-30,139.2,,,1.0
1749-05-31,141.7,,,1.0
1749-04-30,92.8,,,1.0
1749-03-31,116.7,,,1.0
1749-02-28,104.3,,,1.0
1749-01-31,96.7,,,1.0
